url,name,sku,brand,gtin13,description,product_id,availability,currency,price,avg_rating,reviews_count,uniq_id,scraped_at
https://www.petsmart.com/fish/food-and-care/food/fluval-bug-bites-spirulina-flakes-58401.html,Fluval&reg; Bug Bites Spirulina Flakes,5300528,Fluval,0015561173551,Fluval&reg; Bug Bites Spirulina Flakes,5300528,InStock,USD,7.99,4.7778,9,05537726-5061-5b90-843b-2d1f431bbdbd,30/07/2022 12:08:13
https://www.petsmart.com/cat/food-and-treats/dry-food/purina-kit-and-kaboodle-original-adult-cat-dry-food---chicken-with-vitamins-2291.html,"Purina&reg; Kit &amp; Kaboodle&reg; Original Adult Cat Dry Food - Chicken, With Vitamins",5139253,Kit 'N Kaboodle,0017800130431,"Purina&reg; Kit &amp; Kaboodle&reg; Original Adult Cat Dry Food - Chicken, With Vitamins",5139253,InStock,USD,11.99,3.743,284,f0ff4c10-4dc6-54a3-80e0-886bf4c508cf,30/07/2022 12:08:13
https://www.petsmart.com/dog/food/dry-food/chicken-soup-for-the-soul-all-life-stages-dry-dog-food---grain-free-lamb-and-pea-71536.html,"Chicken Soup for the Soul All Life Stages Dry Dog Food - Grain Free, Lamb &amp; Pea",5329365,Chicken Soup for the Soul,8192390126506,"Chicken Soup for the Soul All Life Stages Dry Dog Food - Grain Free, Lamb &amp; Pea",5329365,InStock,USD,17.99,,0,db7ddaf3-99fc-50ea-9958-980bb09a7327,30/07/2022 12:08:13
https://www.petsmart.com/fish/decor-gravel-and-substrate/ornaments/top-fin-orange-octopus-aquarium-ornament-56760.html,Top Fin&reg; Orange Octopus Aquarium Ornament,5295111,Top Fin,0737257865426,Top Fin&reg; Orange Octopus Aquarium Ornament,5295111,OutOfStock,USD,19.99,5.0,1,f721f3fd-080b-5147-a215-b8808b9731ca,30/07/2022 12:08:13
https://www.petsmart.com/bird/food-and-treats/pet-bird-food/zupreem-nutblend-bird-food-3957.html,ZuPreem&reg; NutBlend Bird Food,5167132,ZuPreem,0762177850306,ZuPreem&reg; NutBlend Bird Food,5167132,InStock,USD,17.99,4.2727,11,50978e5c-3ea8-51dd-bb8c-854afbe5f191,30/07/2022 12:08:15
https://www.petsmart.com/dog/crates-gates-and-containment/fence-systems/high-tech-pet-rx-10-rechargeable-ultra-fence-collar-6574.html,High Tech Pet&reg; RX-10 Rechargeable Ultra Fence Collar,5132508,High Tech Pet,0032868203002,High Tech Pet&reg; RX-10 Rechargeable Ultra Fence Collar,5132508,InStock,USD,89.99,4.25,4,d9185fe4-1575-5fbe-bd62-afb166697449,30/07/2022 12:08:16
https://www.petsmart.com/fish/decor-gravel-and-substrate/ornaments/top-fin-asian-house-aquarium-ornament-58608.html,Top Fin&reg; Asian House Aquarium Ornament,5300957,Top Fin,0737257891661,Top Fin&reg; Asian House Aquarium Ornament,5300957,OutOfStock,USD,11.97,,0,43b881ab-1e96-5dfc-8151-dc3bb4fe5458,30/07/2022 12:08:16
https://www.petsmart.com/dog/crates-gates-and-containment/dog-doors-and-gates/carlsonandtrade-pet-products-extension-for-extra-tall-walk-thru-gate-6548.html,Carlson&amp;trade; Pet Products Extension for Extra Tall Walk-Thru Gate,5118873,Carlson Pet Products,0891618001998,Carlson&amp;trade; Pet Products Extension for Extra Tall Walk-Thru Gate,5118873,OutOfStock,USD,8.79,3.0,8,498eed51-3c4a-5b80-a09d-1034595fa9c6,30/07/2022 12:08:16
https://www.petsmart.com/dog/collars-harnesses-and-leashes/leashes/top-paw-teal-floral-dog-leash-6-ft-long-1-in-wide-62229.html,"Top Paw&reg; Teal Floral Dog Leash: 6-ft long, 1-in wide",5307432,Top Paw,0737257961876,"Top Paw&reg; Teal Floral Dog Leash: 6-ft long, 1-in wide",5307432,InStock,USD,16.99,3.0,2,d241cfa6-d917-532c-97da-eba83cdd80d0,30/07/2022 12:08:16
https://www.petsmart.com/dog/beds-and-furniture/cooling-and-heating-beds/creative-solutions-pet-bed-heater-55832.html,Creative Solutions Pet Bed Heater,5292391,Creative Solutions,0655199231096,Creative Solutions Pet Bed Heater,5292391,OutOfStock,USD,34.99,3.8333,12,b43dc7d5-1e7b-5f68-a401-04cba961f0e6,30/07/2022 12:08:16
https://www.petsmart.com/pharmacy/cat/anxiety-and-calming/amitriptyline---10-mg-25-mg-50-mg-75-mg-100-mg---single-tablet-66766.html,"Amitriptyline - 10 mg, 25 mg, 50 mg, 75 mg, 100 mg - Single Tablet",5317010,Sandoz,3167291710142,"Amitriptyline - 10 mg, 25 mg, 50 mg, 75 mg, 100 mg - Single Tablet",5317010,InStock,USD,0.19,,0,051e77b1-030a-50ca-a336-1b3fb396183e,30/07/2022 12:08:18
https://www.petsmart.com/pharmacy/livestock/arthritis-and-pain-relief/equioxx-oral-paste-67013.html,Equioxx Oral Paste,5317205,Equioxx,3506046597612,Equioxx Oral Paste,5317205,InStock,USD,6.30,,0,ad35cd9a-3550-5b90-9ca2-7caf36142db0,30/07/2022 12:08:19
https://www.petsmart.com/dog/treats/bones-and-rawhide/dentleys-rawhide-free-mini-chomping-chews-dog-chew---peanut-butter-2-lb-55342.html,"Dentley's&reg; Rawhide-Free Mini Chomping Chews Dog Chew - Peanut Butter, 2 lb",5291357,Dentley's,0737257846012,"Dentley's&reg; Rawhide-Free Mini Chomping Chews Dog Chew - Peanut Butter, 2 lb",5291357,InStock,USD,15.99,4.7368,19,8244c6c9-80bf-5dd4-97f9-22da71a62488,30/07/2022 12:08:19
https://www.petsmart.com/fish/decor-gravel-and-substrate/backgrounds/merry-and-brightandtrade-santa-and-reindeer-aquatic-clings-66433.html,Merry &amp; Bright&amp;trade; Santa &amp; Reindeer Aquatic Clings,5314241,Merry &amp; Bright,0737257955615,Merry &amp; Bright&amp;trade; Santa &amp; Reindeer Aquatic Clings,5314241,InStock,USD,2.00,2.4,5,e458d564-08c6-5081-8dee-bd138837475d,30/07/2022 12:08:19
https://www.petsmart.com/pharmacy/dog/flea-and-tick/credelio-flea-and-tick-chewable-tablets-for-dogs-and-puppies-4.4-6-lbs-56.25-mg-yellow-66680.html,Credelio Flea &amp; Tick Chewable Tablets for Dogs &amp; Puppies 4.4-6 lbs (56.25 mg) Yellow,5316201,Credelio,7278043538412,Credelio Flea &amp; Tick Chewable Tablets for Dogs &amp; Puppies 4.4-6 lbs (56.25 mg) Yellow,5316201,InStock,USD,21.29,,0,88ec2622-4ccb-55f3-bfc3-866d5a08248f,30/07/2022 12:08:19
https://www.petsmart.com/dog/food/canned-food/purina-pro-plan-focus-puppy-wet-dog-food---high-protein-13-oz-2948.html,"Purina Pro Plan Focus Puppy Wet Dog Food - High Protein, 13 Oz",5067364,Purina Pro Plan,0038100026712,"Purina Pro Plan Focus Puppy Wet Dog Food - High Protein, 13 Oz",5067364,InStock,USD,2.65,4.7071,99,96c631b4-ba22-5b5a-9c68-25b242dbb852,30/07/2022 12:08:19
https://www.petsmart.com/small-pet/cages-habitats-and-hutches/tunnels-and-hideouts/full-cheeks-small-pet-firwood-cabin-hideaway-68265.html,Full Cheeks Small Pet Firwood Cabin Hideaway,5318804,Full Cheeks,0737257964464,Full Cheeks Small Pet Firwood Cabin Hideaway,5318804,InStock,USD,12.99,3.1429,7,8ca9650c-e197-5ea7-a760-ae4d59fa78c9,30/07/2022 12:08:20
https://www.petsmart.com/dog/grooming-supplies/wipes-and-deodorizers/pet-head-quick-fix-no-rinse-foam-for-dogs---peach-%2B-argan-oil---6.7-oz-61966.html,Pet Head Quick Fix No-Rinse Foam for Dogs - Peach + Argan Oil - 6.7 Oz,5307167,Pet Head,0886284904421,Pet Head Quick Fix No-Rinse Foam for Dogs - Peach + Argan Oil - 6.7 Oz,5307167,InStock,USD,12.99,5.0,6,31148b6e-716d-5ddb-9961-fae715b5113b,30/07/2022 12:08:21
https://www.petsmart.com/pharmacy/dog/arthritis-and-pain-relief/quellin-soft-chewable-tablets---75-mg-66740.html,Quellin Soft Chewable Tablets - 75 mg,5316842,Quellin,0009915037118,Quellin Soft Chewable Tablets - 75 mg,5316842,InStock,USD,109.99,,0,98fd0e42-a003-5c10-8625-de07394c194a,30/07/2022 12:08:21
https://www.petsmart.com/dog/training-and-behavior/potty-training/top-paw-pineapple-washable-diaper-cover-ups-60212.html,Top Paw&reg; Pineapple Washable Diaper Cover-Ups,5303622,Top Paw,0737257913967,Top Paw&reg; Pineapple Washable Diaper Cover-Ups,5303622,InStock,USD,22.99,4.3913,23,6c6a18d9-8b95-50cf-a076-f71b29551f40,30/07/2022 12:08:21
https://www.petsmart.com/dog/clothing-and-shoes/jerseys-and-team-sports/pets-first-pittsburgh-steelers-mesh-jersey-70308.html,Pets First Pittsburgh Steelers Mesh Jersey,5325780,Pets First,0849790116740,Pets First Pittsburgh Steelers Mesh Jersey,5325780,InStock,USD,29.00,,0,abeda79f-57ac-5197-9035-bb38de82f41a,30/07/2022 12:08:22
https://www.petsmart.com/dog/food/food-toppers/wellness-core-simply-shreds-dog-food-topper---natural-grain-free-tuna-beef-and-carrots-42811.html,"Wellness&reg; CORE&reg; Simply Shreds Dog Food Topper - Natural, Grain Free, Tuna, Beef &amp; Carrots",5266326,Wellness,0076344012450,"Wellness&reg; CORE&reg; Simply Shreds Dog Food Topper - Natural, Grain Free, Tuna, Beef &amp; Carrots",5266326,InStock,USD,1.90,4.4767,172,5801ebd9-56fc-5d53-9c9c-c3998fcac449,30/07/2022 12:08:22
https://www.petsmart.com/dog/food/dry-food/blue-buffalo-freedomandtrade--senior-dry-dog-food---grain-free-chicken-22778.html,"Blue Buffalo&reg; Freedom&amp;trade;  Senior Dry Dog Food - Grain Free, Chicken",5209448,Blue Buffalo,0840243100651,"Blue Buffalo&reg; Freedom&amp;trade;  Senior Dry Dog Food - Grain Free, Chicken",5209448,OutOfStock,USD,19.98,4.5957,47,8cad1fd4-94d8-5c2f-8fcc-08a7f8f5454e,30/07/2022 12:08:22
https://www.petsmart.com/dog/toys/plush-toys/top-paw-tuff-with-bite-shieldandtrade-protection-dinosaur-dog-toy---tough-plush-62457.html,Top Paw&reg; TUFF with Bite Shield&amp;trade; Protection Dinosaur Dog Toy - Tough Plush,5308133,Top Paw,0737257930827,Top Paw&reg; TUFF with Bite Shield&amp;trade; Protection Dinosaur Dog Toy - Tough Plush,5308133,InStock,USD,8.97,3.3659,41,0b69c5de-a83d-514b-b542-c23eeb0903c5,30/07/2022 12:08:23
https://www.petsmart.com/small-pet/starter-kits/kaytee-crittertrail-one-level-habitat-14582.html,KAYTEE&reg; CritterTrail&reg; One Level Habitat,5011233,Kaytee,0045125605150,KAYTEE&reg; CritterTrail&reg; One Level Habitat,5011233,InStock,USD,51.99,3.6533,349,5810667a-05ca-5eed-8d4a-ca860fba878e,30/07/2022 12:08:24
https://www.petsmart.com/dog/dental-care-and-wellness/dental-care/oravet-dental-hygiene-chews-for-x-small-dogs-3.5-9-lbs-65444.html,OraVet Dental Hygiene Chews for X-Small Dogs 3.5-9 Lbs,5313161,OraVet,0350604732440,OraVet Dental Hygiene Chews for X-Small Dogs 3.5-9 Lbs,5313161,InStock,USD,11.99,,0,1e6da900-5256-535e-8e26-5c1b21cc5638,30/07/2022 12:08:24
https://www.petsmart.com/fish/decor-gravel-and-substrate/ornaments/top-fin-beer-bottles-bubbler-aquarum-ornament-57805.html,Top Fin&reg; Beer Bottles Bubbler Aquarum Ornament,5291946,Top Fin,0737257849211,Top Fin&reg; Beer Bottles Bubbler Aquarum Ornament,5291946,OutOfStock,USD,11.97,1.0,1,92a74f3d-5141-544a-820c-8012fdff287a,30/07/2022 12:08:24
https://www.petsmart.com/dog/grooming-supplies/wipes-and-deodorizers/tropiclean-deodorizing-deep-cleaning-pet-wipes-44464.html,TropiClean&reg; Deodorizing Deep Cleaning Pet Wipes,5271162,TropiClean,0645095010109,TropiClean&reg; Deodorizing Deep Cleaning Pet Wipes,5271162,InStock,USD,11.99,3.5517,29,119ddc35-f97b-50e4-b3de-013694800415,30/07/2022 12:08:24
https://www.petsmart.com/cat/bowls-and-feeders/placemats/drymate-kitty-waterproof-personalized-cat-mat-32273.html,Drymate&reg; Kitty Waterproof Personalized Cat Mat,5192165,Drymate,0758035835219,Drymate&reg; Kitty Waterproof Personalized Cat Mat,5192165,InStock,USD,19.99,4.5,2,1665376b-18c3-5653-a329-73c7fe6d0a45,30/07/2022 12:08:25
https://www.petsmart.com/dog/food/dry-food/only-natural-pet-powerfood--adult-dry-dog-food---poultry-high-protein-grain-free-64089.html,"Only Natural Pet&reg; PowerFood  Adult Dry Dog Food - Poultry, High-Protein, Grain Free",5301414,Only Natural Pet,0737257893160,"Only Natural Pet&reg; PowerFood  Adult Dry Dog Food - Poultry, High-Protein, Grain Free",5301414,InStock,USD,43.99,4.508,437,82d29a55-3e29-575b-85d8-505c50c6d1ad,30/07/2022 12:08:26
https://www.petsmart.com/reptile/snake/heating-and-lighting/exo-terra-repti-glo-tropical-terrarium-lamp---uvb-100-5163940.html,Exo Terra&reg; Repti Glo Tropical Terrarium Lamp - UVB 100,5120589,Exo-Terra,0015561221870,Exo Terra&reg; Repti Glo Tropical Terrarium Lamp - UVB 100,5120589,InStock,USD,34.99,3.8333,12,6945804d-10a8-5cb7-8719-6f6a1c135da1,30/07/2022 12:08:28
https://www.petsmart.com/dog/training-and-behavior/bark-control/petsafe-elite-little-dog-spray-bark-control-dog-collar-13832.html,PetSafe&reg; Elite Little Dog Spray Bark Control Dog Collar,5136626,PetSafe,0729849112834,PetSafe&reg; Elite Little Dog Spray Bark Control Dog Collar,5136626,InStock,USD,89.95,3.2877,73,760e54e5-94c5-5e07-8761-8c417d1e695c,30/07/2022 12:08:28
https://www.petsmart.com/reptile/feeders-and-food-storage/feeding-accessories/thrive-plastic-feeding-tongs-55871.html,Thrive Plastic Feeding Tongs,5290860,Thrive,0737257887329,Thrive Plastic Feeding Tongs,5290860,InStock,USD,4.99,3.2667,15,8d25eaf9-1413-5c5b-9bd2-d98e504f0c05,30/07/2022 12:08:28
https://www.petsmart.com/fish/decor-gravel-and-substrate/artificial-plants/top-fin-artificial-squiggly-aquarium-plant---8-38587.html,Top Fin&reg; Artificial Squiggly Aquarium Plant - 8&quot;,5254803,Top Fin,0737257697751,Top Fin&reg; Artificial Squiggly Aquarium Plant - 8&quot;,5254803,InStock,USD,9.99,2.8,5,5127386d-4f20-5949-adef-c01548a6c3ba,30/07/2022 12:08:28
https://www.petsmart.com/pharmacy/cat/medical-supplies/u-40-insulin-syringes-29g-x-0.5-cc-box-of-100-needle-1%2F2-inch-66879.html,"U-40 Insulin Syringes 29g x 0.5 cc, Box of 100 Needle 1/2 inch",5316871,Merck Animal Health,6628588000294,"U-40 Insulin Syringes 29g x 0.5 cc, Box of 100 Needle 1/2 inch",5316871,InStock,USD,46.48,,0,2e1cc5bf-cc92-5c0e-85ae-aa5a78d9ffba,30/07/2022 12:08:29
https://www.petsmart.com/dog/cleaning-supplies/stain-and-odor-removers/only-natural-pet-no-marking-spray-51174.html,Only Natural Pet&reg; No Marking Spray,5284734,Only Natural Pet,0811241019986,Only Natural Pet&reg; No Marking Spray,5284734,InStock,USD,14.99,2.5357,56,a74a0576-d36a-5173-9b9a-2488060f3321,30/07/2022 12:08:29
https://www.petsmart.com/reptile/cleaning-and-water-care/sanitizers/flukers-organic-cleaner-super-scrub-4610.html,Fluker's&reg; Organic Cleaner Super Scrub,5152724,Fluker's,0091197440038,Fluker's&reg; Organic Cleaner Super Scrub,5152724,OutOfStock,USD,10.49,4.9091,11,09d9c797-09c1-5ca1-abfc-accc14c540ae,30/07/2022 12:08:30
https://www.petsmart.com/dog/toys/chew-toys/top-paw-ring-dog-toy---squeaker-67319.html,Top Paw&reg; Ring Dog Toy - Squeaker,5318646,Top Paw,0737257964303,Top Paw&reg; Ring Dog Toy - Squeaker,5318646,InStock,USD,4.99,4.4,20,c4c3f1d1-3588-5929-a7db-9192aea051e7,30/07/2022 12:08:30
https://www.petsmart.com/dog/treats/bones-and-rawhide/dentleys-extra-tough-10-rawhide-rolls-dog-chew---7-count-51241.html,Dentley's&reg; Extra Tough 10&quot; Rawhide Rolls Dog Chew - 7 Count,5277811,Dentley's,0737257776616,Dentley's&reg; Extra Tough 10&quot; Rawhide Rolls Dog Chew - 7 Count,5277811,InStock,USD,17.99,4.6667,15,83045c6d-b102-5835-8aee-e0877ff0781e,30/07/2022 12:08:31
https://www.petsmart.com/cat/beds-and-furniture/covered-beds/kandh-clubhouse-cat-bed-5572.html,K&amp;H Clubhouse Cat Bed,5172481,K&amp;H,0655199038923,K&amp;H Clubhouse Cat Bed,5172481,InStock,USD,64.99,4.6667,6,6f64d539-81bc-5c4a-aa02-242c6f7ca8d8,30/07/2022 12:08:31
https://www.petsmart.com/cat/toys/teasers/whisker-city-mouse-teaser-cat-toy-53276.html,Whisker City&reg; Mouse Teaser Cat Toy,5288496,Whisker City,0737257834903,Whisker City&reg; Mouse Teaser Cat Toy,5288496,OutOfStock,USD,2.07,4.4516,31,6821e618-0676-56a1-9a86-9a79e1b092fe,30/07/2022 12:08:31
https://www.petsmart.com/reptile/food/cobaltandtrade-eco-fresh-scorpions---10-pack-65981.html,Cobalt&amp;trade; Eco-Fresh Scorpions - 10 Pack,5314443,Cobalt,0847852012252,Cobalt&amp;trade; Eco-Fresh Scorpions - 10 Pack,5314443,OutOfStock,USD,79.99,,0,a6c260e3-d462-5aa9-892f-cc9af3697a40,30/07/2022 12:08:31
https://www.petsmart.com/dog/crates-gates-and-containment/dog-doors-and-gates/cardinal-gates-decorative-walnet-vines-freestanding-pet-gate-61887.html,Cardinal Gates Decorative Walnet Vines Freestanding Pet Gate,5306392,Cardinal Gates,0635035819886,Cardinal Gates Decorative Walnet Vines Freestanding Pet Gate,5306392,InStock,USD,139.99,,0,a3e55d3a-bdcc-5815-a95e-c52b09ec1a8b,30/07/2022 12:08:31
https://www.petsmart.com/cat/food-and-treats/veterinary-diets/hills-prescription-diet-i%2Fd-digestive-care-cat-food---chicken-1718.html,Hill's&reg; Prescription Diet&reg; i/d Digestive Care Cat Food - Chicken,5072130,Hill's Prescription Diet,0052742462806,Hill's&reg; Prescription Diet&reg; i/d Digestive Care Cat Food - Chicken,5072130,InStock,USD,2.59,4.119,126,c1a723c9-ec72-5b5f-827e-6f980d8f8f8b,30/07/2022 12:08:32
https://www.petsmart.com/dog/toys/plush-toys/top-paw-americana-bone-dog-toy---plush-squeaker-70678.html,"Top Paw&reg; Americana Bone Dog Toy - Plush, Squeaker",5327517,Top Paw,0737257990401,"Top Paw&reg; Americana Bone Dog Toy - Plush, Squeaker",5327517,OutOfStock,USD,2.47,2.3333,3,42739804-31b9-5f7e-9143-78b46ce18391,30/07/2022 12:08:33
https://www.petsmart.com/cat/food-and-treats/wet-food/made-by-nachoandtrade-pate-wet-cat-food---natural-3-oz-68558.html,"Made By Nacho&amp;trade; Pate Wet Cat Food - Natural, 3 oz",5322182,Made by Nacho,0850023409638,"Made By Nacho&amp;trade; Pate Wet Cat Food - Natural, 3 oz",5322182,OutOfStock,USD,1.89,,0,e0830bd5-281a-5614-a3e7-f9205afc64c4,30/07/2022 12:08:33
https://www.petsmart.com/dog/toys/plush-toys/pets-first-new-england-patriots-mascot-long-dog-toy-58393.html,Pets First&copy; New England Patriots Mascot Long Dog Toy,5300089,Pets First,0849790076129,Pets First&copy; New England Patriots Mascot Long Dog Toy,5300089,OutOfStock,USD,15.99,,0,0c9590d0-7fa2-564e-ac4a-72dcc356b808,30/07/2022 12:08:34
https://www.petsmart.com/pharmacy/cat/arthritis-and-pain-relief/transcend-6-ml-vial-66962.html,Transcend 6 ml Vial,5317015,Hytryl,8515590003208,Transcend 6 ml Vial,5317015,InStock,USD,41.98,,0,bcbfc422-5217-5dc6-815b-ac1bb8daef3f,30/07/2022 12:08:34
https://www.petsmart.com/dog/crates-gates-and-containment/dog-doors-and-gates/high-tech-pet-wi-fi-enabled-smartphone-controlled-electronic-patio-dog-and-cat-door-regular-67942.html,"High Tech Pet&reg; Wi-Fi Enabled Smartphone Controlled Electronic Patio Dog &amp; Cat Door, Regular",5320572,High Tech Pet,0032868993156,"High Tech Pet&reg; Wi-Fi Enabled Smartphone Controlled Electronic Patio Dog &amp; Cat Door, Regular",5320572,InStock,USD,799.99,,0,d6e0eb04-27bb-58d0-8861-1630997e9a13,30/07/2022 12:08:35
https://www.petsmart.com/cat/food-and-treats/dry-food/purina-pro-plan-savor-indoor-adult-dry-cat-food---high-protein-turkey-and-rice-43874.html,"Purina Pro Plan Savor Indoor Adult Dry Cat Food - High-Protein, Turkey &amp; Rice",5266920,Purina Pro Plan,0038100170651,"Purina Pro Plan Savor Indoor Adult Dry Cat Food - High-Protein, Turkey &amp; Rice",5266920,InStock,USD,16.99,4.6,135,8b67a88a-0992-5016-a92e-6ff9357ced1a,30/07/2022 12:08:35
https://www.petsmart.com/cat/food-and-treats/wet-food/hills-science-diet-adult-wet-cat-food---minced-5.5-oz-12820.html,"Hill's&reg; Science Diet&reg; Adult Wet Cat Food - Minced, 5.5 oz",1021242,Hill's Science Diet,0052742661308,"Hill's&reg; Science Diet&reg; Adult Wet Cat Food - Minced, 5.5 oz",1021242,InStock,USD,1.97,4.4194,62,49300d06-81df-591e-85f8-7ab653702da5,30/07/2022 12:08:36
https://www.petsmart.com/cat/food-and-treats/wet-food/fancy-feast-medleys-adult-cat-wet-food---3.33-oz.-high-protein-63843.html,"Fancy Feast&reg; Medleys Adult Cat Wet Food - 3.33 oz., High-Protein",5310577,Fancy Feast,0050000962600,"Fancy Feast&reg; Medleys Adult Cat Wet Food - 3.33 oz., High-Protein",5310577,OutOfStock,USD,1.05,4.6111,90,7525225b-fbbd-525b-99a0-b79637279982,30/07/2022 12:08:36
https://www.petsmart.com/dog/clothing-and-shoes/jerseys-and-team-sports/pets-first-dallas-stars-tee-71713.html,Pets First Dallas Stars Tee,5330088,Pets First,0849790078444,Pets First Dallas Stars Tee,5330088,InStock,USD,18.00,,0,e22e5eca-6ada-5a36-a7fc-fcdfed1f7e83,30/07/2022 12:08:37
https://www.petsmart.com/cat/food-and-treats/treats/greeniesandtrade-feline-greenies-smartbites-indoor-care-adult-cat-treats---natural-tuna-3052.html,"Greenies&amp;trade; Feline Greenies SmartBites Indoor Care Adult Cat Treats - Natural, Tuna",5182470,Greenies,0642863101403,"Greenies&amp;trade; Feline Greenies SmartBites Indoor Care Adult Cat Treats - Natural, Tuna",5182470,InStock,USD,2.49,4.7558,344,2f5e255d-aeb3-5eff-9344-62ad0a932e0e,30/07/2022 12:08:38
https://www.petsmart.com/fish/food-and-care/salt-water-aquarium-care/api-marine-stress-zyme-23666.html,API&reg; Marine Stress Zyme,5220040,API,0317163043561,API&reg; Marine Stress Zyme,5220040,InStock,USD,14.29,,0,e9e0143c-b5bc-5e14-aa86-70d9aa4254d5,30/07/2022 12:08:38
https://www.petsmart.com/cat/food-and-treats/wet-food/purina-friskies-tasty-treasures-adult-cat-wet-food---9.4-lb.-50200.html,Purina&reg; Friskies&reg; Tasty Treasures Adult Cat Wet Food - 9.4 lb.,5282141,Friskies,0050000294510,Purina&reg; Friskies&reg; Tasty Treasures Adult Cat Wet Food - 9.4 lb.,5282141,OutOfStock,USD,18.09,4.5172,58,ff7ff9b7-0a9e-5b35-b90a-55082681671e,30/07/2022 12:08:38
https://www.petsmart.com/cat/beds-and-furniture/furniture-and-towers/trixie-moriles-cat-tree-17213.html,Trixie Moriles Cat Tree,5181514,Trixie,4011905446202,Trixie Moriles Cat Tree,5181514,InStock,USD,86.99,3.5,4,0e51cf6a-9de4-5653-96f6-c6f5715e794f,30/07/2022 12:08:39
https://www.petsmart.com/dog/training-and-behavior/bark-control/petsafe-rechargeable-bark-control-collar-46130.html,PetSafe&reg; Rechargeable Bark Control Collar,5270153,PetSafe,0729849159990,PetSafe&reg; Rechargeable Bark Control Collar,5270153,InStock,USD,89.95,3.0112,89,b63b8464-b7b2-5111-a3bb-771758e565c3,30/07/2022 12:08:40
https://www.petsmart.com/dog/grooming-supplies/hair-clippers-and-trimmers/andis-pulse-li-5-adjustable-blade-pet-clipper-58443.html,Andis&reg; Pulse Li 5 Adjustable Blade Pet Clipper,5298642,Andis,0040102735257,Andis&reg; Pulse Li 5 Adjustable Blade Pet Clipper,5298642,InStock,USD,44.89,5.0,2,69f6db8c-9c01-5593-9122-493465120a39,30/07/2022 12:08:40
https://www.petsmart.com/cat/food-and-treats/wet-food/purina-pro-plan-complete-essentials-adult-wet-cat-food---high-protein-with-vitamins-3-oz-30077.html,"Purina Pro Plan Complete Essentials Adult Wet Cat Food - High-Protein, With Vitamins, 3 Oz",5230668,Purina Pro Plan,0038100170231,"Purina Pro Plan Complete Essentials Adult Wet Cat Food - High-Protein, With Vitamins, 3 Oz",5230668,InStock,USD,1.36,4.7273,22,747290d2-c7ee-5603-bb82-8138bed79ef9,30/07/2022 12:08:41
https://www.petsmart.com/pharmacy/dog/digestive-tract-liver-and-pancreas/glycopyrrolate-2-mg---single-tablet-67084.html,Glycopyrrolate 2 mg - Single Tablet,5317382,Baxter,3498840660176,Glycopyrrolate 2 mg - Single Tablet,5317382,InStock,USD,0.20,,0,7745b34a-7326-50fc-954f-0a0eb699538e,30/07/2022 12:08:41
https://www.petsmart.com/cat/food-and-treats/wet-food/wellness-core-95%25-wet-cat-food---natural-grain-free-49792.html,"Wellness&reg; CORE&reg; 95% Wet Cat Food - Natural, Grain Free",5280656,Wellness,0076344179801,"Wellness&reg; CORE&reg; 95% Wet Cat Food - Natural, Grain Free",5280656,InStock,USD,3.19,3.875,8,161bb8e3-3f4c-5dd1-bbd9-c86c49c6847f,30/07/2022 12:08:41
https://www.petsmart.com/cat/food-and-treats/wet-food/natures-variety-instinct-limited-ingredient-wet-cat-food---natural-grain-free-50162.html,"Nature's Variety&reg; Instinct&reg; Limited Ingredient Wet Cat Food - Natural, Grain Free",5279756,Instinct,0769949618188,"Nature's Variety&reg; Instinct&reg; Limited Ingredient Wet Cat Food - Natural, Grain Free",5279756,InStock,USD,1.49,4.0,18,44ae6319-4434-5353-bf11-af0c3a48cc93,30/07/2022 12:08:42
https://www.petsmart.com/cat/beds-and-furniture/furniture-and-towers/armarkat-58-in-faux-fur-multi-level-real-wood-cat-tree-beige-61262.html,"Armarkat 58-in Faux Fur Multi-Level Real Wood Cat Tree, Beige",5305316,Armarkat,0815481012073,"Armarkat 58-in Faux Fur Multi-Level Real Wood Cat Tree, Beige",5305316,InStock,USD,149.99,3.0,1,783cb747-4837-58df-a1d0-53ef25481ae1,30/07/2022 12:08:42
https://www.petsmart.com/fish/decor-gravel-and-substrate/ornaments/top-fin-tiki-bar-aquarium-ornament-53921.html,Top Fin&reg; Tiki Bar Aquarium Ornament,5285597,Top Fin,0737257913110,Top Fin&reg; Tiki Bar Aquarium Ornament,5285597,InStock,USD,16.99,5.0,1,0b1f235c-6c60-54d7-8911-7fb167aeeb19,30/07/2022 12:08:43
https://www.petsmart.com/dog/treats/biscuits-and-bakery/old-mother-hubbard-extra-tasty-assorted-dog-treats-mini-49451.html,"Old Mother Hubbard Extra Tasty Assorted Dog Treats, Mini",5167118,Old Mother Hubbard,0076344101772,"Old Mother Hubbard Extra Tasty Assorted Dog Treats, Mini",5167118,InStock,USD,5.47,4.7378,164,585854ae-f253-5002-8ced-10675378e88a,30/07/2022 12:08:43
https://www.petsmart.com/cat/cleaning-and-repellents/stain-and-odor-removers/natures-miracle-just-for-cats-advanced-stain-and-odor-remover---sunny-lemon-47614.html,Nature's Miracle&reg; Just for Cats Advanced Stain &amp; Odor Remover - Sunny Lemon,5266568,Nature's Miracle,0018065969934,Nature's Miracle&reg; Just for Cats Advanced Stain &amp; Odor Remover - Sunny Lemon,5266568,InStock,USD,17.99,3.75,4,b3c64ddb-281f-5c00-9285-47c0fa77e479,30/07/2022 12:08:43
https://www.petsmart.com/reptile/substrate-and-bedding/thrive-sphagnum-reptile-moss-54546.html,Thrive Sphagnum Reptile Moss,5291031,Thrive,0737257844964,Thrive Sphagnum Reptile Moss,5291031,InStock,USD,12.99,4.4444,27,086ffe74-fd5b-537d-8eed-447cce0819a5,30/07/2022 12:08:44
https://www.petsmart.com/dog/clothing-and-shoes/sweaters-and-coats/fresh-pawz-pastel-pink-dog-hoodie-71820.html,Fresh Pawz Pastel Pink Dog Hoodie,5330337,Fresh Pawz,0842221009109,Fresh Pawz Pastel Pink Dog Hoodie,5330337,OutOfStock,USD,40.00,,0,cbd58458-f545-5e8d-9930-1c5524efdcf5,30/07/2022 12:08:44
https://www.petsmart.com/dog/clothing-and-shoes/jerseys-and-team-sports/cincinnati-bengals-nfl-jersey-28828.html,Cincinnati Bengals NFL Jersey,5233980,Pets First,0849790033672,Cincinnati Bengals NFL Jersey,5233980,OutOfStock,USD,26.99,,0,09b1ec11-573c-54a4-9f95-60ff5c6e8520,30/07/2022 12:08:46
https://www.petsmart.com/dog/grooming-supplies/wipes-and-deodorizers/wet-ones-for-pets-deodorizing-multipurpose-wipes-for-dogs---30-ct-63468.html,Wet Ones for Pets Deodorizing Multipurpose Wipes for Dogs - 30 ct,5310344,Wet Ones,0742797873770,Wet Ones for Pets Deodorizing Multipurpose Wipes for Dogs - 30 ct,5310344,OutOfStock,USD,3.79,5.0,4,fda7b083-3c37-5bf4-a9bb-54654d8bf17c,30/07/2022 12:08:46
https://www.petsmart.com/cat/dental-care-and-wellness/treatments/vet-worthy-styptic-powder--cat-68025.html,Vet Worthy Styptic Powder- Cat,5320624,Vet Worthy,0842704100859,Vet Worthy Styptic Powder- Cat,5320624,InStock,USD,15.99,,0,6f0969e1-0f19-5b87-b003-a5617bb6532c,30/07/2022 12:08:47
https://www.petsmart.com/dog/food/canned-food/great-choice-cuts-in-gravy-adult-dog-food-2057.html,Great Choice&reg; Cuts In Gravy Adult Dog Food,5158760,Great Choice,0737257261266,Great Choice&reg; Cuts In Gravy Adult Dog Food,5158760,OutOfStock,USD,0.75,4.7143,7,b0486f76-4b9f-5694-83d2-05f7e85113f5,30/07/2022 12:08:47
https://www.petsmart.com/dog/treats/dental-treats/pedigree-dentastix-dual-flavor-small-breed-adult-dental-dog-treats---bacon-and-chicken-69153.html,Pedigree&reg; Dentastix Dual Flavor Small Breed Adult Dental Dog Treats - Bacon &amp; Chicken,5323400,Pedigree,0023100140124,Pedigree&reg; Dentastix Dual Flavor Small Breed Adult Dental Dog Treats - Bacon &amp; Chicken,5323400,InStock,USD,12.99,4.25,40,b5bd2bc3-0d0a-5412-b965-30c0142a878b,30/07/2022 12:08:48
https://www.petsmart.com/cat/food-and-treats/wet-food/hills-science-diet-healthy-cuisine-kitten-wet-cat-food---chunks-and-gravy-2.8-oz-33930.html,"Hill's&reg; Science Diet&reg; Healthy Cuisine Kitten Wet Cat Food - Chunks &amp; Gravy, 2.8 oz",5246504,Hill's Science Diet,0052742007175,"Hill's&reg; Science Diet&reg; Healthy Cuisine Kitten Wet Cat Food - Chunks &amp; Gravy, 2.8 oz",5246504,InStock,USD,1.79,4.6774,31,0d5fd4c0-a029-56f6-ac4c-0bceb57c0c41,30/07/2022 12:08:48
https://www.petsmart.com/fish/tanks-aquariums-and-nets/aquariums/clear-for-life-20-gallon-rectangle-aquarium-16626.html,Clear-For-Life 20 Gallon Rectangle Aquarium,5188215,Clear-For-Life,0637441000445,Clear-For-Life 20 Gallon Rectangle Aquarium,5188215,InStock,USD,258.69,3.0,2,d86cd172-44e0-5262-881c-ee08c366fdde,30/07/2022 12:08:51
https://www.petsmart.com/dog/treats/bones-and-rawhide/smartbones-smartsticks-dog-treat---chicken-42656.html,SmartBones&reg; SmartSticks Dog Treat - Chicken,5266079,SmartBones,0810833003808,SmartBones&reg; SmartSticks Dog Treat - Chicken,5266079,InStock,USD,16.79,4.5556,9,585c8b66-977b-500d-8e87-618cb9b3b2cf,30/07/2022 12:08:52
https://www.petsmart.com/small-pet/food-treats-and-hay/treats/kaytee-fiesta-yogurt-cup-small-animal-treats-185.html,KAYTEE&reg; Fiesta Yogurt Cup Small Animal Treats,5156307,Kaytee,0071859944050,KAYTEE&reg; Fiesta Yogurt Cup Small Animal Treats,5156307,InStock,USD,8.99,4.6364,11,3ddd3e7a-cd58-5270-a4f2-2477fa566c41,30/07/2022 12:08:53
https://www.petsmart.com/fish/filters-and-pumps/filter-media/seachem-tidalandtrade-75-zeolite-filter-pouch-45077.html,Seachem&reg; Tidal&amp;trade; 75 Zeolite Filter Pouch,5272653,Seachem,0000116065146,Seachem&reg; Tidal&amp;trade; 75 Zeolite Filter Pouch,5272653,InStock,USD,8.19,,0,5f33e59b-cfe8-5b6a-b20d-b0b57e4311ec,30/07/2022 12:08:53
https://www.petsmart.com/dog/food/frozen-food/ben-and-jerrys-pontchs-mix-doggie-desserts-frozen-dog-treat---peanut-butter-and-pretzel-swirl-65376.html,Ben &amp; Jerry's Pontch's Mix Doggie Desserts Frozen Dog Treat - Peanut Butter &amp; Pretzel Swirl,5313055,BEN &amp; JERRY'S,0076840003242,Ben &amp; Jerry's Pontch's Mix Doggie Desserts Frozen Dog Treat - Peanut Butter &amp; Pretzel Swirl,5313055,OutOfStock,USD,10.99,4.7647,17,8323f9b6-ab40-58e2-b5f8-8c73cf720cfb,30/07/2022 12:08:53
https://www.petsmart.com/small-pet/toys-and-habitat-accessories/toys/oxbow-twisted-small-animal-toy-21628.html,Oxbow Twisted Small Animal Toy,5210183,Oxbow,0744845403199,Oxbow Twisted Small Animal Toy,5210183,InStock,USD,5.99,4.1538,13,1f900269-f97a-504e-aebd-d36f04e09c69,30/07/2022 12:08:53
https://www.petsmart.com/reptile/starter-kits/thrive-temperate-reptile-terrarium-essentials-kit---40-gallon-66491.html,Thrive Temperate Reptile Terrarium Essentials Kit - 40 Gallon,5315110,Thrive,0737257959040,Thrive Temperate Reptile Terrarium Essentials Kit - 40 Gallon,5315110,OutOfStock,USD,249.99,4.5556,27,159c50f0-ba0d-53b9-a18f-5238d08449ca,30/07/2022 12:08:53
https://www.petsmart.com/cat/food-and-treats/dry-food/nulo-medalseries--all-life-stages-dry-cat-food---high-protein-cod-and-duck-37647.html,"Nulo MedalSeries  All Life stages Dry Cat Food - High-Protein, Cod &amp; Duck",5256360,Nulo,0811939020782,"Nulo MedalSeries  All Life stages Dry Cat Food - High-Protein, Cod &amp; Duck",5256360,InStock,USD,25.99,4.8,5,d75579c5-626f-554d-a3b3-136829866d30,30/07/2022 12:08:53
https://www.petsmart.com/dog/clothing-and-shoes/jerseys-and-team-sports/tennessee-titans-nfl-team-tee-33015.html,Tennessee Titans NFL Team Tee,5244689,Pets First,0849790032804,Tennessee Titans NFL Team Tee,5244689,InStock,USD,19.99,,0,9e0d966d-d35f-504a-a88d-a04605766a59,30/07/2022 12:08:55
https://www.petsmart.com/fish/tanks-aquariums-and-nets/aquarium-stands/aqueon-15-gallon-column-aquarium-stand-16698.html,Aqueon&reg; 15 Gallon Column Aquarium Stand,5180698,Aqueon,0015905510073,Aqueon&reg; 15 Gallon Column Aquarium Stand,5180698,InStock,USD,89.99,3.6154,39,9e808c82-6374-5fb2-b510-1f6354c801e5,30/07/2022 12:08:55
https://www.petsmart.com/dog/dental-care-and-wellness/treatments/silver-honeyandtrade-hot-spot-and-wound-care-spray-gel-57202.html,Silver Honey&amp;trade; Hot Spot &amp; Wound Care Spray Gel,5295986,Silver Honey,0011444451020,Silver Honey&amp;trade; Hot Spot &amp; Wound Care Spray Gel,5295986,OutOfStock,USD,22.67,4.6552,29,2e3aa7ee-aec6-5c14-8b48-5c3ae3539fa6,30/07/2022 12:08:56
https://www.petsmart.com/dog/toys/chew-toys/petstages-alpha-core-bone-chew-dog-toy---bacon-flavor-62703.html,Petstages&reg; Alpha Core Bone Chew Dog Toy - Bacon Flavor,5308328,Petstages,0700603703048,Petstages&reg; Alpha Core Bone Chew Dog Toy - Bacon Flavor,5308328,InStock,USD,9.99,2.0,25,a83fa4bd-2647-5423-bb22-eddff4d4e09f,30/07/2022 12:08:56
https://www.petsmart.com/dog/toys/plush-toys/top-paw-water-dog-hot-dog-dog-toy-70667.html,Top Paw&reg; Water Dog Hot Dog Dog Toy,5327453,Top Paw,0737257989818,Top Paw&reg; Water Dog Hot Dog Dog Toy,5327453,InStock,USD,3.07,,0,62b769b2-1a9b-53e4-bf9b-a6d5d4357baf,30/07/2022 12:08:57
https://www.petsmart.com/fish/decor-gravel-and-substrate/ornaments/top-fin-mossy-driftwood-aquarium-ornament-17490.html,Top Fin&reg; Mossy Driftwood Aquarium Ornament,5109961,Top Fin,0737257063235,Top Fin&reg; Mossy Driftwood Aquarium Ornament,5109961,InStock,USD,59.99,4.4231,26,3cc5afa1-1563-5e30-af88-717a31d09ec7,30/07/2022 12:08:57
https://www.petsmart.com/bird/wild-bird-food-and-supplies/wild-bird-food/wagners-cardinal-blend-bird-seed-44442.html,Wagner's Cardinal Blend Bird Seed,5271483,Wagners,0070805620321,Wagner's Cardinal Blend Bird Seed,5271483,OutOfStock,USD,10.99,,0,835ac64a-80d6-5b8a-bdff-3ff8c4ceb711,30/07/2022 12:08:57
https://www.petsmart.com/fish/food-and-care/water-care-and-conditioning/kent-marine-nano-reef-a-and-b-45258.html,KENT Marine&reg; Nano Reef A &amp; B,5272279,Kent Marine,0751906008576,KENT Marine&reg; Nano Reef A &amp; B,5272279,InStock,USD,11.99,,0,e08d0ec4-0382-5249-8504-62a513b5090c,30/07/2022 12:08:57
https://www.petsmart.com/cat/beds-and-furniture/furniture-and-towers/armarkat-64-in-faux-fur-real-wood-cat-tree-silver-gray-and-almond-4978.html,"Armarkat 64-in Faux Fur Real Wood Cat Tree, Silver Gray &amp; Almond",5180865,Armarkat,8154810100558,"Armarkat 64-in Faux Fur Real Wood Cat Tree, Silver Gray &amp; Almond",5180865,InStock,USD,127.77,2.0,1,1de22b4e-f500-58f9-a215-df73d7931c03,30/07/2022 12:08:58
https://www.petsmart.com/reptile/food/zoo-med-aquatic-turtle-banquet-block-regular-size-value-pack-4038.html,Zoo Med Aquatic Turtle Banquet Block Regular Size Value Pack,5160269,Zoo Med,0097612110517,Zoo Med Aquatic Turtle Banquet Block Regular Size Value Pack,5160269,InStock,USD,7.99,5.0,6,8d405aba-86d0-59fa-b9f8-2f7747391752,30/07/2022 12:08:58
https://www.petsmart.com/cat/food-and-treats/food-toppers/nulo-medalseries--dry-cat-food-topper---chicken-and-salmon-65267.html,"Nulo MedalSeries  Dry Cat Food Topper - , Chicken &amp; Salmon",5302485,Nulo,0811939025138,"Nulo MedalSeries  Dry Cat Food Topper - , Chicken &amp; Salmon",5302485,InStock,USD,16.99,4.25,8,637c601c-1230-5a20-bad0-9808117d41de,30/07/2022 12:08:59
https://www.petsmart.com/cat/food-and-treats/wet-food/purina-pro-plan-savor--adult-wet-cat-food---antioxidants-high-protein-3-oz-18410.html,"Purina Pro Plan Savor  Adult Wet Cat Food - Antioxidants, High-Protein, 3 Oz",5200244,Purina Pro Plan,0038100153050,"Purina Pro Plan Savor  Adult Wet Cat Food - Antioxidants, High-Protein, 3 Oz",5200244,OutOfStock,USD,1.36,4.5714,14,963f7c4b-6840-590d-91a7-6ddb5b3f0514,30/07/2022 12:08:59
https://www.petsmart.com/dog/food/veterinary-diets/hills-prescription-diet-soft-baked-dog-treats---chicken-57098.html,Hill's&reg; Prescription Diet&reg; Soft Baked Dog Treats - Chicken,5296573,Hill's Prescription Diet,0052742014258,Hill's&reg; Prescription Diet&reg; Soft Baked Dog Treats - Chicken,5296573,OutOfStock,USD,10.99,4.6087,23,615514c1-5b5f-577b-874d-83a945eed076,30/07/2022 12:09:01
https://www.petsmart.com/dog/toys/plush-toys/buffalo-bills-football-rope-dog-toy-61486.html,Buffalo Bills Football Rope Dog Toy,5305745,Pets First,0849790084957,Buffalo Bills Football Rope Dog Toy,5305745,InStock,USD,12.99,,0,db9f2cd5-1cfc-5115-a30b-634b81b5e6e6,30/07/2022 12:09:01
https://www.petsmart.com/pharmacy/livestock/thyroid-and-hormone/estrumate-cloprostenol-sodium-66864.html,Estrumate (Cloprostenol Sodium),5317383,Estrumate,0173630249993,Estrumate (Cloprostenol Sodium),5317383,InStock,USD,26.49,,0,948c36ad-6e91-5421-8ded-9f5de3d9c294,30/07/2022 12:09:02
https://www.petsmart.com/cat/food-and-treats/dry-food/wellness-complete-health-senior-cat-food---natural-grain-free-chicken-and-chicken-meal-51925.html,"Wellness&reg; Complete Health Senior Cat Food - Natural, Grain Free, Chicken &amp; Chicken Meal",5287810,Wellness,0076344092278,"Wellness&reg; Complete Health Senior Cat Food - Natural, Grain Free, Chicken &amp; Chicken Meal",5287810,InStock,USD,21.99,4.2544,169,b36e34e9-e672-5a1c-b067-f8e9e0217d9e,30/07/2022 12:09:02
https://www.petsmart.com/dog/beds-and-furniture/cuddler-beds/snoozer-overstuffed-luxury-show-dog-sofa-pet-bed-53563.html,Snoozer&reg; Overstuffed Luxury Show Dog Sofa Pet Bed,5289792,Snoozer,7290531417740,Snoozer&reg; Overstuffed Luxury Show Dog Sofa Pet Bed,5289792,InStock,USD,234.95,,0,deef948d-026f-5785-a0c3-719e539215b3,30/07/2022 12:09:02
https://www.petsmart.com/fish/decor-gravel-and-substrate/ornaments/top-fin-glow-sea-anemone-cave-aquarium-ornament-56790.html,Top Fin&reg; Glow Sea Anemone Cave Aquarium Ornament,5295371,Top Fin,0737257865211,Top Fin&reg; Glow Sea Anemone Cave Aquarium Ornament,5295371,InStock,USD,19.99,4.5385,13,b8b40c67-2533-5c46-8aee-8a29c96d4af9,30/07/2022 12:09:03
https://www.petsmart.com/small-pet/food-treats-and-hay/treats/browns-tropical-carnival-farm-fresh-fixinsandtrade-small-animal-treats-232.html,Brown's&reg; Tropical Carnival&reg; Farm Fresh Fixins&amp;trade; Small Animal Treats,5175719,Brown's,0042934449470,Brown's&reg; Tropical Carnival&reg; Farm Fresh Fixins&amp;trade; Small Animal Treats,5175719,OutOfStock,USD,8.39,4.9286,14,d4283d3a-485c-5ce6-8db4-6c85a2225b53,30/07/2022 12:09:03
https://www.petsmart.com/cat/food-and-treats/wet-food/wellness-core-kitten-food---natural-grain-free-1135.html,"Wellness&reg; CORE&reg; Kitten Food - Natural, Grain Free",5178643,Wellness,0076344079149,"Wellness&reg; CORE&reg; Kitten Food - Natural, Grain Free",5178643,InStock,USD,3.19,4.4275,131,394c2b7d-1ff7-5374-b8c0-52f8b1f22869,30/07/2022 12:09:04
https://www.petsmart.com/fish/decor-gravel-and-substrate/ornaments/top-fin-iridescent-seahorses-aquarium-ornament-64758.html,Top Fin&reg; Iridescent Seahorses Aquarium Ornament,5309696,Top Fin,0737257936904,Top Fin&reg; Iridescent Seahorses Aquarium Ornament,5309696,OutOfStock,USD,8.99,5.0,1,fb4e26aa-3ef6-50f4-b0fb-bf3c2fa75daf,30/07/2022 12:09:04
https://www.petsmart.com/dog/clothing-and-shoes/jerseys-and-team-sports/illinois-fighting-illini-ncaa-reversible-pet-bandana-47167.html,Illinois Fighting Illini NCAA Reversible Pet Bandana,5275270,Pets First,0849790071810,Illinois Fighting Illini NCAA Reversible Pet Bandana,5275270,InStock,USD,14.99,,0,73494942-0545-515c-ab6c-e7b4497fbde4,30/07/2022 12:09:05
https://www.petsmart.com/dog/beds-and-furniture/cuddler-beds/pendleton-ombre-plaid-kuddler-dog-bed-52629.html,Pendleton Ombre Plaid Kuddler Dog Bed,5289453,Pendleton,0830000028205,Pendleton Ombre Plaid Kuddler Dog Bed,5289453,InStock,USD,170.00,,0,ce66e78e-1a9c-5b79-9e4a-3a699c143bc5,30/07/2022 12:09:05
https://www.petsmart.com/dog/clothing-and-shoes/bandanas-bows-and-hats/top-paw-green-backpack-70879.html,Top Paw&reg; Green Backpack,5328100,Top Paw,0737257993259,Top Paw&reg; Green Backpack,5328100,InStock,USD,12.99,,0,1a2f53ed-319e-5413-8ac1-ee1c61ac1d5e,30/07/2022 12:09:06
https://www.petsmart.com/cat/food-and-treats/dry-food/hills-science-diet-indoor-senior-11%2B-dry-cat-food---chicken-18463.html,Hill's&reg; Science Diet&reg; Indoor Senior 11+ Dry Cat Food - Chicken,5202969,Hill's Science Diet,0052742252902,Hill's&reg; Science Diet&reg; Indoor Senior 11+ Dry Cat Food - Chicken,5202969,OutOfStock,USD,17.99,4.6526,95,90c1b441-bca7-5223-990b-42b467f59722,30/07/2022 12:09:07
https://www.petsmart.com/featured-brands/pedigree/pedigree-dentastix-large-breed-adult-dental-dog-treats---fresh-5323401.html,Pedigree&reg; Dentastix Large Breed Adult Dental Dog Treats - Fresh,5323401,Pedigree,0023100139845,Pedigree&reg; Dentastix Large Breed Adult Dental Dog Treats - Fresh,5323401,InStock,USD,12.99,4.7586,87,6461aaa0-f64b-5eb6-8e00-2ecb8fb8936f,30/07/2022 12:09:07
https://www.petsmart.com/dog/clothing-and-shoes/jerseys-and-team-sports/south-carolina-gamecocks-ncaa-t-shirt-39139.html,South Carolina Gamecocks NCAA T-Shirt,5258938,Pets First,0849790032644,South Carolina Gamecocks NCAA T-Shirt,5258938,InStock,USD,19.99,,0,ccd67bd6-1eb7-53b6-a252-57636bf6f316,30/07/2022 12:09:08
https://www.petsmart.com/dog/beds-and-furniture/blankets/top-paw-classic-cozy-pet-blanket-58414.html,Top Paw&reg; Classic Cozy Pet Blanket,5297147,Top Paw,0737257877948,Top Paw&reg; Classic Cozy Pet Blanket,5297147,InStock,USD,9.99,4.619,21,831c9b13-0d9c-529d-b7db-6fce8f966cb1,30/07/2022 12:09:08
https://www.petsmart.com/reptile/environmental-control-and-lighting/bulbs-and-lamps/thrive-infrared-spot-bulb---nocturnal-reptiles-54810.html,Thrive Infrared Spot Bulb - Nocturnal Reptiles,5290927,Thrive,0737257936584,Thrive Infrared Spot Bulb - Nocturnal Reptiles,5290927,OutOfStock,USD,7.47,3.4737,19,878c9786-04cb-5ca9-ac35-5bbc8c962212,30/07/2022 12:09:08
https://www.petsmart.com/dog/toys/chew-toys/playology-puppy-teething-bone-scented-dog-toy---beef-69856.html,Playology &reg; Puppy Teething Bone Scented Dog Toy - Beef,5324360,Playology,0810045333618,Playology &reg; Puppy Teething Bone Scented Dog Toy - Beef,5324360,InStock,USD,21.99,3.5,4,f372da0d-10b4-56ed-b8bd-b074232b51ad,30/07/2022 12:09:08
https://www.petsmart.com/small-pet/litter-and-bedding/litter-and-bedding/full-cheeks-odor-control-small-pet-paper-bedding---grey-68088.html,Full Cheeks Odor Control Small Pet Paper Bedding - Grey,5318341,Full Cheeks,0737257959187,Full Cheeks Odor Control Small Pet Paper Bedding - Grey,5318341,InStock,USD,18.99,3.2222,9,858e950a-2247-5b8b-9a35-817828e95b30,30/07/2022 12:09:09
https://www.petsmart.com/small-pet/toys-and-habitat-accessories/toys/oxbow-enriched-life-crazy-hay-ball-small-pet-chew-55305.html,Oxbow Enriched Life Crazy Hay Ball Small Pet Chew,5291261,Oxbow,0744845963273,Oxbow Enriched Life Crazy Hay Ball Small Pet Chew,5291261,InStock,USD,5.99,4.1111,9,9e5d6877-b36d-5902-86bd-e96e1987811a,30/07/2022 12:09:11
https://www.petsmart.com/bird/toys-perches-and-decor/toys/aande-cage-company-squidly-bird-toy-47628.html,A&amp;E Cage Company Squidly Bird Toy,5273888,A&amp;E,6444720086304,A&amp;E Cage Company Squidly Bird Toy,5273888,OutOfStock,USD,19.99,,0,98675d2b-863c-50be-a99f-7f97a1968c01,30/07/2022 12:09:11
https://www.petsmart.com/bird/toys-perches-and-decor/toys/all-living-things-singin-sanctuaryandtrade-bird-toy-50914.html,All Living Things&reg; Singin' Sanctuary&amp;trade; Bird Toy,5280688,All Living Things,0737257785816,All Living Things&reg; Singin' Sanctuary&amp;trade; Bird Toy,5280688,InStock,USD,15.99,2.8889,9,71d35ff7-b622-59ac-8584-f10b7b9baebc,30/07/2022 12:09:11
https://www.petsmart.com/dog/food/canned-food/blue-buffalo-wildernessandtrade--all-life-stages-wet-dog-food---grain-free-12.5-oz.-35162.html,"Blue Buffalo&reg; Wilderness&amp;trade;  All Life Stages Wet Dog Food - Grain Free, 12.5 Oz.",5247762,Blue Buffalo,0840243117352,"Blue Buffalo&reg; Wilderness&amp;trade;  All Life Stages Wet Dog Food - Grain Free, 12.5 Oz.",5247762,InStock,USD,3.19,4.5595,84,aebf7541-87a7-5da1-bb62-d86e36b39565,30/07/2022 12:09:12
https://www.petsmart.com/fish/tanks-aquariums-and-nets/aquariums/clear-for-life-50-gallon-pentagon-uniquarium-16679.html,Clear-For-Life 50 Gallon Pentagon UniQuarium,5188229,Clear-For-Life,0637441006218,Clear-For-Life 50 Gallon Pentagon UniQuarium,5188229,InStock,USD,"1,137.09",,0,48f7b911-8188-5ea7-ae21-2642cd4bf00c,30/07/2022 12:09:12
https://www.petsmart.com/fish/filters-and-pumps/filters/top-fin-multi-stage-internal-filter-51997.html,Top Fin&reg; Multi-Stage Internal Filter,5282508,Top Fin,0737257791886,Top Fin&reg; Multi-Stage Internal Filter,5282508,InStock,USD,16.99,4.0,29,18661d71-9276-5557-b097-6078fa3da2e8,30/07/2022 12:09:12
https://www.petsmart.com/dog/toys/plush-toys/joyhound-crazy-comfy-plush-weave-alligator-dog-toy---squeaker-69384.html,Joyhound Crazy Comfy Plush Weave Alligator Dog Toy - Squeaker,5323969,Joyhound,0737257979093,Joyhound Crazy Comfy Plush Weave Alligator Dog Toy - Squeaker,5323969,InStock,USD,10.99,4.6875,32,adadffb3-ccf0-5f12-b954-23335c236974,30/07/2022 12:09:13
https://www.petsmart.com/small-pet/food-treats-and-hay/treats/science-selective-naturals-country-loops-71439.html,Science Selective Naturals Country Loops,5327958,Science Selective,0730582000371,Science Selective Naturals Country Loops,5327958,InStock,USD,4.99,,0,1921c9ac-ab30-5f85-9032-7cb237c073f5,30/07/2022 12:09:14
https://www.petsmart.com/dog/dental-care-and-wellness/treatments/calm-paws-premium-recovery-vest-and-calming-disk-for-dogs-63482.html,Calm Paws Premium Recovery Vest and Calming Disk for Dogs,5309817,Calm Paws,0850014125448,Calm Paws Premium Recovery Vest and Calming Disk for Dogs,5309817,InStock,USD,52.99,3.74,100,95c1924e-56a3-5383-9d8d-1d1ad48f880c,30/07/2022 12:09:14
https://www.petsmart.com/dog/collars-harnesses-and-leashes/collars/pets-first-las-vegas-raiders-signature-pro-dog-collar-70253.html,Pets First Las Vegas Raiders Signature Pro Dog Collar,5326003,Pets First,0849790087217,Pets First Las Vegas Raiders Signature Pro Dog Collar,5326003,InStock,USD,19.00,,0,bd537cac-3814-5397-82dd-032b21bce155,30/07/2022 12:09:14
https://www.petsmart.com/dog/toys/plush-toys/indiana-hoosiers-ncaa-field-dog-toy-34951.html,Indiana Hoosiers NCAA Field Dog Toy,5243938,Pets First,0849790029231,Indiana Hoosiers NCAA Field Dog Toy,5243938,InStock,USD,12.99,,0,7b979839-d512-5ef4-9624-a22f74f57d30,30/07/2022 12:09:15
https://www.petsmart.com/cat/toys/balls-and-chasers/whisker-city-tinsel-ball-cat-toy---color-varies-53419.html,Whisker City&reg; Tinsel Ball Cat Toy - (COLOR VARIES),5288005,Whisker City,0737257833203,Whisker City&reg; Tinsel Ball Cat Toy - (COLOR VARIES),5288005,OutOfStock,USD,1.99,4.2889,45,e0a26076-6743-592d-bc0a-c057acb732ee,30/07/2022 12:09:16
https://www.petsmart.com/dog/collars-harnesses-and-leashes/leashes/pets-first-brooklyn-nets-dog-leash-70263.html,Pets First Brooklyn Nets Dog Leash,5325991,Pets First,0849790020504,Pets First Brooklyn Nets Dog Leash,5325991,InStock,USD,14.00,,0,294aeecb-b7aa-593a-8be8-8cd4c78ab80f,30/07/2022 12:09:16
https://www.petsmart.com/dog/clothing-and-shoes/jerseys-and-team-sports/los-angeles-rams-nfl-team-tee-33022.html,Los Angeles Rams NFL Team Tee,5244681,Pets First,0849790070806,Los Angeles Rams NFL Team Tee,5244681,InStock,USD,19.99,,0,a6afd27d-50a4-5019-adeb-f0d43d86343b,30/07/2022 12:09:16
https://www.petsmart.com/dog/food/canned-food/tiki-dog-taste-of-greece-dog-wet-food---lamb-couscous-and-chickpea-64509.html,"Tiki Dog&reg; Taste of Greece Dog Wet Food - Lamb, Couscous &amp; Chickpea",5310262,Tiki Dog,0693804114945,"Tiki Dog&reg; Taste of Greece Dog Wet Food - Lamb, Couscous &amp; Chickpea",5310262,OutOfStock,USD,4.49,,0,7bfef4f6-e698-5c33-8053-e7c90d4e10af,30/07/2022 12:09:18
https://www.petsmart.com/cat/food-and-treats/food-toppers/fancy-feast-broths-adult-cat-wet-food---1.55-oz.-limited-ingredients-grain-free-27693.html,"Fancy Feast&reg; Broths Adult Cat Wet Food - 1.55 oz., Limited Ingredients, Grain Free",5231496,Fancy Feast,0050000291052,"Fancy Feast&reg; Broths Adult Cat Wet Food - 1.55 oz., Limited Ingredients, Grain Free",5231496,OutOfStock,USD,1.49,4.5494,233,be9b38f8-6066-5a1c-a27c-e2faa7971dcd,30/07/2022 12:09:18
https://www.petsmart.com/cat/beds-and-furniture/covered-beds/whisker-city-white-and-pink-unicorn-hut-cat-bed-61185.html,Whisker City&reg; White &amp; Pink Unicorn Hut Cat Bed,5305226,Whisker City,0737257939349,Whisker City&reg; White &amp; Pink Unicorn Hut Cat Bed,5305226,OutOfStock,USD,26.20,4.8462,13,9e83961a-2f3a-5274-9f88-4e7859535d32,30/07/2022 12:09:19
https://www.petsmart.com/dog/toys/chew-toys/top-paw-thermoplastic-rubber-ball-dog-toy-60458.html,Top Paw&reg; Thermoplastic Rubber Ball Dog Toy,5304000,Top Paw,0737257915725,Top Paw&reg; Thermoplastic Rubber Ball Dog Toy,5304000,InStock,USD,5.99,3.7778,18,7f7a1590-d1b7-50b9-88de-05b7f373ee46,30/07/2022 12:09:19
https://www.petsmart.com/cat/beds-and-furniture/heated-beds/kandh-pet-products-thermo-kitty-heated-cat-bed-5461.html,K&amp;H Pet Products Thermo-Kitty Heated Cat Bed,5149449,K&amp;H,0655199031917,K&amp;H Pet Products Thermo-Kitty Heated Cat Bed,5149449,InStock,USD,48.99,4.619,21,fe004967-9b54-568c-8f9e-ae317bd9a3db,30/07/2022 12:09:20
https://www.petsmart.com/dog/clothing-and-shoes/jerseys-and-team-sports/florida-gators-ncaa-hoodie-t-shirt-39079.html,Florida Gators NCAA Hoodie T-Shirt,5258801,Pets First,0849790023345,Florida Gators NCAA Hoodie T-Shirt,5258801,InStock,USD,24.99,4.0,1,4b26dcca-fb5e-58fe-b7e6-67783f34b413,30/07/2022 12:09:20
https://www.petsmart.com/small-pet/litter-and-bedding/litter-and-bedding/kaytee-clean-and-cozyandtrade-extreme-odor-control-small-pet-bedding-48735.html,KAYTEE&reg; Clean &amp; Cozy&amp;trade; Extreme Odor Control Small Pet Bedding,5278509,Kaytee,0071859000701,KAYTEE&reg; Clean &amp; Cozy&amp;trade; Extreme Odor Control Small Pet Bedding,5278509,InStock,USD,26.99,4.6915,94,edc12510-9bce-59ab-9a6a-829a659a8d54,30/07/2022 12:09:20
https://www.petsmart.com/reptile/habitats-and-decor/habitat-decor/zoo-med-mixed-fancy-hermit-crab-shells-38014.html,Zoo Med Mixed Fancy Hermit Crab Shells,5255515,Zoo Med,0097612009408,Zoo Med Mixed Fancy Hermit Crab Shells,5255515,OutOfStock,USD,3.99,1.5,2,4069ae62-75ba-518f-916f-07f15f1c00fb,30/07/2022 12:09:20
https://www.petsmart.com/fish/decor-gravel-and-substrate/gravel-sand-and-stones/aqua-natural-aquarium-gravel---midnight-pearl-70462.html,Aqua Natural Aquarium Gravel - Midnight Pearl,5325124,Aqua Natural,9353482000770,Aqua Natural Aquarium Gravel - Midnight Pearl,5325124,InStock,USD,24.99,5.0,1,5d2bc2ba-70c2-51f0-a403-c4861e73f11d,30/07/2022 12:09:21
https://www.petsmart.com/cat/food-and-treats/wet-food/purina-pro-plan-focus--adult-wet-cat-food---grain-free-no-artificial-colors-3-oz-58012.html,"Purina Pro Plan Focus  Adult Wet Cat Food - Grain Free, No Artificial Colors, 3 Oz",5299097,Purina Pro Plan,0038100186249,"Purina Pro Plan Focus  Adult Wet Cat Food - Grain Free, No Artificial Colors, 3 Oz",5299097,InStock,USD,1.54,4.7179,39,f501f311-b965-5295-9379-1875f5e28b7b,30/07/2022 12:09:21
https://www.petsmart.com/cat/collars-harnesses-and-leashes/collars/whisker-city-camo-easy-release-kitten-and-cat-collar-65572.html,Whisker City&reg; Camo Easy Release Kitten &amp; Cat Collar,5312631,Whisker City,0737257947979,Whisker City&reg; Camo Easy Release Kitten &amp; Cat Collar,5312631,InStock,USD,9.99,3.25,4,f4e289ad-c992-56c1-9bcf-52fd8dbc9997,30/07/2022 12:09:21
https://www.petsmart.com/fish/decor-gravel-and-substrate/live-plants/moneywort-15146.html,Moneywort,4033115,PetSmart,0400403311596,Moneywort,4033115,OutOfStock,USD,4.29,3.5385,13,0e252f41-2356-5d06-b763-f3ca1eeb62a7,30/07/2022 12:09:22
https://www.petsmart.com/dog/collars-harnesses-and-leashes/collars/top-paw-blue-tie-dye-adjustable-dog-collar-62130.html,Top Paw&reg; Blue Tie Dye Adjustable Dog Collar,5307605,Top Paw,0737257927919,Top Paw&reg; Blue Tie Dye Adjustable Dog Collar,5307605,InStock,USD,16.99,3.0,2,0e91f7c6-ae14-53c6-885f-4aa1b5948c6f,30/07/2022 12:09:22
https://www.petsmart.com/fish/filters-and-pumps/filter-media/fluval-clearmax-phosphate-remover-17056.html,Fluval&reg; Clearmax Phosphate Remover,5011541,Fluval,0015561113489,Fluval&reg; Clearmax Phosphate Remover,5011541,InStock,USD,5.99,3.2,10,32fa3f61-a5d4-5c44-9258-dac708b5e367,30/07/2022 12:09:23
https://www.petsmart.com/dog/flea-and-tick/spot-ons/petarmor-plus-for-dogs-89-132-lbs-flea-and-tick-spot-on-treatment-45018.html,PetArmor&reg; Plus for Dogs 89-132 lbs Flea &amp; Tick Spot On Treatment,5271986,PetArmor,0073091025689,PetArmor&reg; Plus for Dogs 89-132 lbs Flea &amp; Tick Spot On Treatment,5271986,InStock,USD,28.99,4.1055,635,8ae5a1fa-c944-53d3-b699-be53e377e0b3,30/07/2022 12:09:24
https://www.petsmart.com/dog/treats/dental-treats/ark-naturals-extreme-clean-dental-chews---large-69165.html,Ark Naturals&reg; Extreme Clean Dental Chews - Large,5322604,Ark Naturals,0632634470036,Ark Naturals&reg; Extreme Clean Dental Chews - Large,5322604,InStock,USD,21.99,4.6029,68,00d30471-047a-5e49-b981-e40dbb9fd5b3,30/07/2022 12:09:24
https://www.petsmart.com/reptile/feeders-and-food-storage/feeding-accessories/thrive-beardie-ball-59163.html,Thrive Beardie Ball,5300292,Thrive,0737257889279,Thrive Beardie Ball,5300292,InStock,USD,4.99,4.2273,22,191ada34-5b6c-5b59-b242-87e20755d264,30/07/2022 12:09:24
https://www.petsmart.com/pharmacy/dog/immune-support/piroxicam-10-mg---single-capsule-66997.html,Piroxicam 10 mg - Single Capsule,5317145,Piroxicam,3009307560160,Piroxicam 10 mg - Single Capsule,5317145,InStock,USD,1.19,,0,34bcb49a-0114-58f9-a2fa-a2b5684e7dce,30/07/2022 12:09:24
https://www.petsmart.com/dog/cleaning-supplies/waste-disposal/barkyard-bad-spot---sun-and-shade---mulch-seed-fertilizer---3.75-lb-64713.html,"BarkYard Bad Spot - Sun &amp; Shade - Mulch, Seed, Fertilizer - 3.75 lb",5311703,BarkYard,0032247175005,"BarkYard Bad Spot - Sun &amp; Shade - Mulch, Seed, Fertilizer - 3.75 lb",5311703,InStock,USD,19.99,,0,6dd7e1e9-e740-5e5f-9db7-ae6eee8c14f8,30/07/2022 12:09:24
https://www.petsmart.com/dog/toys/plush-toys/baltimore-ravens-nfl-field-dog-toy-29793.html,Baltimore Ravens NFL Field Dog Toy,5233933,Pets First,0849790029323,Baltimore Ravens NFL Field Dog Toy,5233933,InStock,USD,12.99,,0,bfe36cd6-6474-5a95-8912-866ff4239b43,30/07/2022 12:09:26
https://www.petsmart.com/reptile/snake/heating-and-lighting/thrive-desert-10.0-uvb-bulb-5314812.html,Thrive Desert 10.0 UVB Bulb,5314812,Thrive,0737257958319,Thrive Desert 10.0 UVB Bulb,5314812,InStock,USD,24.99,5.0,1,62e7f3ef-8af5-582d-bd82-cb89387b9b04,30/07/2022 12:09:26
https://www.petsmart.com/fish/decor-gravel-and-substrate/ornaments/top-fin-sand-castle-club-aquarium-ornament-58037.html,Top Fin&reg; Sand Castle Club Aquarium Ornament,5291953,Top Fin,0737257849327,Top Fin&reg; Sand Castle Club Aquarium Ornament,5291953,InStock,USD,11.99,4.5,2,4f9fac1e-85dc-596d-98f5-693d855907fd,30/07/2022 12:09:27
https://www.petsmart.com/dog/food/veterinary-diets/blue-buffalo-blue-natural-veterinary-dietandtrade--adult-dry-dog-food---natural-chicken-66408.html,"Blue Buffalo&reg; Blue Natural Veterinary Diet&amp;trade;  Adult Dry Dog Food - Natural, Chicken",5314875,Blue Buffalo Natural Veterinary Diet,0840243118700,"Blue Buffalo&reg; Blue Natural Veterinary Diet&amp;trade;  Adult Dry Dog Food - Natural, Chicken",5314875,InStock,USD,30.48,3.8333,6,979f6282-cd49-5810-b1fc-dc59ab9e88cf,30/07/2022 12:09:27
https://www.petsmart.com/fish/food-and-care/disease-treatment/tetra-aquarium-ick-guard-18095.html,Tetra&reg; Aquarium Ick Guard,5016501,Tetra,0046798773474,Tetra&reg; Aquarium Ick Guard,5016501,InStock,USD,4.09,4.0,53,5c5bcdd4-f74c-594b-84cf-5c2c02346b0d,30/07/2022 12:09:27
https://www.petsmart.com/dog/beds-and-furniture/pillow-beds/pendleton-vintage-camp-oxford-black-napper-dog-dog-70010.html,Pendleton Vintage Camp Oxford Black Napper Dog Dog,5325247,Pendleton,0830000057366,Pendleton Vintage Camp Oxford Black Napper Dog Dog,5325247,InStock,USD,139.00,,0,a90b40cd-fc68-52ae-b13d-0471d88e7886,30/07/2022 12:09:28
https://www.petsmart.com/dog/treats/bones-and-rawhide/collachews-rawhide-alternative-6-rolls-collagen-dog-treats---natural-bully-69897.html,"Collachews Rawhide Alternative 6&quot; Rolls Collagen Dog Treats - Natural, Bully",5322504,Collachews,0810022720523,"Collachews Rawhide Alternative 6&quot; Rolls Collagen Dog Treats - Natural, Bully",5322504,InStock,USD,24.99,5.0,2,3c0c3bb8-baf3-5d57-86e1-576b15eb86ec,30/07/2022 12:09:28
https://www.petsmart.com/dog/beds-and-furniture/pillow-beds/top-paw-x-large-black-plaid-pillow-dog-bed-60262.html,Top Paw&reg; X-Large Black Plaid Pillow Dog Bed,5302730,Top Paw,0737257910478,Top Paw&reg; X-Large Black Plaid Pillow Dog Bed,5302730,OutOfStock,USD,19.97,4.32,50,6cf7cab3-bc9b-538b-b557-376d0add1565,30/07/2022 12:09:29
https://www.petsmart.com/dog/clothing-and-shoes/jerseys-and-team-sports/arizona-diamondbacks-mlb-team-tee-36807.html,Arizona Diamondbacks MLB Team Tee,5252459,Pets First,0849790020108,Arizona Diamondbacks MLB Team Tee,5252459,InStock,USD,19.99,,0,bcd2fbdf-373d-51e2-b6dd-fe3a04353777,30/07/2022 12:09:29
https://www.petsmart.com/fish/decor-gravel-and-substrate/artificial-plants/biorb-artificial-aquarium-sea-fan---8-47519.html,biOrb Artificial Aquarium Sea Fan - 8&quot;,5275826,biOrb,0822728005309,biOrb Artificial Aquarium Sea Fan - 8&quot;,5275826,InStock,USD,16.99,,0,0e0cd2d8-5f1c-51c6-a9dd-c89c68f0e566,30/07/2022 12:09:30
https://www.petsmart.com/dog/beds-and-furniture/ramps-and-steps/top-paw-deluxe-telescoping-pet-ramp-7501.html,Top Paw&reg; Deluxe Telescoping Pet Ramp,5152514,Top Paw,0737257228191,Top Paw&reg; Deluxe Telescoping Pet Ramp,5152514,InStock,USD,179.99,3.9516,62,1ce15a7d-e33e-5c6b-b02d-61722524c6f0,30/07/2022 12:09:31
https://www.petsmart.com/dog/collars-harnesses-and-leashes/harnesses/kong-double-handle-vest-dog-harness-69099.html,KONG&reg; Double Handle Vest Dog Harness,5323730,KONG,0737257980075,KONG&reg; Double Handle Vest Dog Harness,5323730,OutOfStock,USD,44.99,,0,117d1d73-f1af-57cb-bc3e-c8665e86141e,30/07/2022 12:09:31
https://www.petsmart.com/cat/collars-harnesses-and-leashes/collars/whisker-city-reflective-stripe-cat-collar-42892.html,Whisker City&reg; Reflective Stripe Cat Collar,5265493,Whisker City,0737257932197,Whisker City&reg; Reflective Stripe Cat Collar,5265493,OutOfStock,USD,5.07,3.3077,13,27d27aa6-08af-50f6-9473-53160cb22c80,30/07/2022 12:09:32
https://www.petsmart.com/dog/food/dry-food/purina-one-%2Bplus-puppy-dog-dry-food---chicken-natural-high-protein-3507.html,"Purina ONE&reg; +Plus Puppy Dog Dry Food - Chicken, Natural, High-Protein",5180506,Purina ONE,0017800149358,"Purina ONE&reg; +Plus Puppy Dog Dry Food - Chicken, Natural, High-Protein",5180506,InStock,USD,28.99,4.7675,271,94ad38bb-0f01-58ac-961c-a991f4eb8e6c,30/07/2022 12:09:32
https://www.petsmart.com/cat/food-and-treats/dry-food/blue-buffalo-wildernessandtrade--all-life-stages-dry-cat-food---grain-free-beef-69330.html,"Blue Buffalo&reg; Wilderness&amp;trade;  All Life Stages Dry Cat Food - Grain Free, Beef",5323134,Blue Buffalo,0840243101764,"Blue Buffalo&reg; Wilderness&amp;trade;  All Life Stages Dry Cat Food - Grain Free, Beef",5323134,InStock,USD,30.98,4.0,1,f7818bda-60a8-5c6e-9909-658f56e4f18d,30/07/2022 12:09:32
https://www.petsmart.com/dog/clothing-and-shoes/jerseys-and-team-sports/florida-gators-ncaa-jersey-23335.html,Florida Gators NCAA Jersey,5217859,Pets First,0849790033962,Florida Gators NCAA Jersey,5217859,InStock,USD,26.99,,0,abf01c56-f826-5111-8e76-38e8f276eb2f,30/07/2022 12:09:33
https://www.petsmart.com/dog/beds-and-furniture/cuddler-beds/top-paw-faux-fur-snuggler-dog-bed-60247.html,Top Paw&reg; Faux Fur Snuggler Dog Bed,5302897,Top Paw,0737257939738,Top Paw&reg; Faux Fur Snuggler Dog Bed,5302897,InStock,USD,29.99,4.6897,29,79fd0ae2-9b68-5505-a5f0-2b04aa69f78d,30/07/2022 12:09:33
https://www.petsmart.com/fish/decor-gravel-and-substrate/artificial-plants/biorb-artificial-aquarium-sea-fan---15.5-73911.html,biOrb Artificial Aquarium Sea Fan - 15.5&quot;,5334239,biOrb,0822728005347,biOrb Artificial Aquarium Sea Fan - 15.5&quot;,5334239,InStock,USD,20.99,,0,8b6c4203-7246-5ab6-8ab0-a77d5361ace7,30/07/2022 12:09:33
https://www.petsmart.com/dog/collars-harnesses-and-leashes/collars/los-angeles-angels-mlb-dog-collar-36191.html,Los Angeles Angels MLB Dog Collar,5271011,Pets First,0849790068261,Los Angeles Angels MLB Dog Collar,5271011,InStock,USD,15.99,,0,8f3d147d-b370-5359-aa78-647649201648,30/07/2022 12:09:34
https://www.petsmart.com/dog/collars-harnesses-and-leashes/id-tags/tagworks-red-bone-personalized-pet-id-tag-59230.html,TagWorks&reg; Red Bone Personalized Pet ID Tag,5300853,TagWorks,0736511005479,TagWorks&reg; Red Bone Personalized Pet ID Tag,5300853,InStock,USD,9.99,4.8293,41,9437a497-768c-5553-adaf-db0222f0a454,30/07/2022 12:09:35
https://www.petsmart.com/fish/live-fish/goldfish-betta-and-more/chocolate-shrimp-70101.html,Chocolate Shrimp,5324063,null,0737257981256,Chocolate Shrimp,5324063,OutOfStock,USD,4.99,4.5,2,9afe0142-d97f-5ce5-9f90-88a235dd1d97,30/07/2022 12:09:35
https://www.petsmart.com/cat/collars-harnesses-and-leashes/collars/made-by-cleo-snow-cone-plaid-cat-bow-tie-73439.html,Made By Cleo&reg; Snow Cone Plaid Cat Bow Tie,5333552,Made By Cleo,0616943692372,Made By Cleo&reg; Snow Cone Plaid Cat Bow Tie,5333552,InStock,USD,10.99,,0,86d99ea2-c3cf-53f1-84b1-6004207b903a,30/07/2022 12:09:35
https://www.petsmart.com/cat/cleaning-and-repellents/stain-and-odor-removers/natures-miracle-just-for-cats-advanced-stain-and-odor-remover-47029.html,Nature's Miracle&reg; Just for Cats Advanced Stain &amp; Odor Remover,5268776,Nature's Miracle,0018065969927,Nature's Miracle&reg; Just for Cats Advanced Stain &amp; Odor Remover,5268776,InStock,USD,17.99,2.3333,30,8c352fdd-be58-5942-8480-a609460dc5f7,30/07/2022 12:09:35
https://www.petsmart.com/pharmacy/dog/skin-and-coat-care/muricin-topical-ointment-2%25-15-g-67055.html,"Muricin Topical Ointment 2%, 15 g",5317302,Muricin,3170334201576,"Muricin Topical Ointment 2%, 15 g",5317302,InStock,USD,17.09,,0,6ac1de90-2d16-5f97-ba22-680e73379206,30/07/2022 12:09:35
https://www.petsmart.com/dog/food/dry-food/merrick-healthy-grains-small-breed-adult-dry-dog-food---chicken-no-artificial-preservatives-and-colo-53943.html,"Merrick&reg; Healthy Grains Small Breed Adult Dry Dog Food - Chicken, No Artificial Preservatives &amp; Colo",5299403,Merrick,0022808353157,"Merrick&reg; Healthy Grains Small Breed Adult Dry Dog Food - Chicken, No Artificial Preservatives &amp; Colo",5299403,InStock,USD,47.98,4.4167,60,d231d73f-ffb4-58ef-9583-d0a85b227add,30/07/2022 12:09:37
https://www.petsmart.com/small-pet/live-small-pets/hamsters-guinea-pigs-and-more/fancy-bear-hamster-15343.html,Fancy Bear Hamster,5141661,null,0400514166115,Fancy Bear Hamster,5141661,OutOfStock,USD,24.99,4.7297,111,157da61f-d71f-52e5-a570-120bc6fabe6f,30/07/2022 12:09:37
https://www.petsmart.com/fish/heating-and-lighting/lights/top-fin-clear-t10-incandescent-aquarium-light-bulbs---2-pack-57276.html,Top Fin&reg; Clear T10 Incandescent Aquarium Light Bulbs - 2 Pack,5295569,Top Fin,0737257864672,Top Fin&reg; Clear T10 Incandescent Aquarium Light Bulbs - 2 Pack,5295569,InStock,USD,3.99,4.3333,3,22957b1a-c486-5f3c-bc37-967eb773fd1f,30/07/2022 12:09:37
https://www.petsmart.com/dog/food/dry-food/instinct-raw-boost-dog-food---natural-grain-free-freeze-dried-raw-chicken-44222.html,"Instinct&reg; Raw Boost Dog Food - Natural, Grain Free, Freeze Dried Raw, Chicken",5248205,Instinct,0769949608967,"Instinct&reg; Raw Boost Dog Food - Natural, Grain Free, Freeze Dried Raw, Chicken",5248205,InStock,USD,79.99,4.871,442,baf8c41c-2a40-5629-a8e4-be855d905660,30/07/2022 12:09:37
https://www.petsmart.com/dog/treats/dental-treats/merrick-fresh-kissesandtrade-double-brush-large-dental-dog-treat---1-count-72240.html,Merrick&reg; Fresh Kisses&amp;trade; Double-Brush Large Dental Dog Treat - 1 Count,5288667,Merrick,0022808660194,Merrick&reg; Fresh Kisses&amp;trade; Double-Brush Large Dental Dog Treat - 1 Count,5288667,InStock,USD,3.50,4.0625,16,d8e74070-710f-5247-96fa-8af7a7fcf3bf,30/07/2022 12:09:38
https://www.petsmart.com/dog/toys/fetch-toys/chuckit-crunch-super-crunch-ball-dog-toy-62607.html,Chuckit!&reg; Crunch Super Crunch Ball Dog Toy,5308327,Chuckit!,0029695507878,Chuckit!&reg; Crunch Super Crunch Ball Dog Toy,5308327,InStock,USD,9.99,4.3333,3,74c11f06-257c-5f70-bf2f-ba4f601ff2ca,30/07/2022 12:09:39
https://www.petsmart.com/cat/food-and-treats/treats/meowijuana-crunchie-munchies-cat-treats-63532.html,Meowijuana&reg; Crunchie Munchies Cat Treats,5304906,Meowijuana,0714929807595,Meowijuana&reg; Crunchie Munchies Cat Treats,5304906,InStock,USD,4.99,4.0,4,fbe3342c-0598-5a70-ace2-4f35c3f9bc2f,30/07/2022 12:09:39
https://www.petsmart.com/cat/food-and-treats/food-toppers/nulo-medalseries--wet-cat-treat---electrolytes-65289.html,Nulo MedalSeries  Wet Cat Treat - Electrolytes,5309174,Nulo,0811939026302,Nulo MedalSeries  Wet Cat Treat - Electrolytes,5309174,InStock,USD,3.69,3.5714,7,0696b91f-6f9e-5c0d-957b-6dbdbbc1b670,30/07/2022 12:09:40
https://www.petsmart.com/dog/food/canned-food/hills-science-diet-perfect-weight-adult-wet-dog-food---vegetable-and-chicken-stew-12.5-oz-33939.html,"Hill's&reg; Science Diet&reg; Perfect Weight Adult Wet Dog Food - Vegetable &amp; Chicken Stew, 12.5 oz",5246994,Hill's Science Diet,0052742002019,"Hill's&reg; Science Diet&reg; Perfect Weight Adult Wet Dog Food - Vegetable &amp; Chicken Stew, 12.5 oz",5246994,InStock,USD,2.99,4.7068,133,805d50ba-6d9c-53d2-ac19-12498f68c501,30/07/2022 12:09:40
https://www.petsmart.com/cat/toys/catnip/mad-cat-hot-sauce-cat-toy---catnip-silvervine-plush-61853.html,"Mad Cat Hot Sauce Cat Toy - Catnip, Silvervine, Plush",5305878,Mad Cat,0780824147180,"Mad Cat Hot Sauce Cat Toy - Catnip, Silvervine, Plush",5305878,OutOfStock,USD,2.97,4.9167,12,86a93937-8f46-5a72-99e3-1f2f8b29b18a,30/07/2022 12:09:40
https://www.petsmart.com/dog/toys/fetch-toys/thrills-and-chillsandtrade-halloween-tennis-ball-dog-toy---3-pack-63867.html,Thrills &amp; Chills&amp;trade; Halloween Tennis Ball Dog Toy - 3 Pack,5310627,Thrills &amp; Chills,0737257941410,Thrills &amp; Chills&amp;trade; Halloween Tennis Ball Dog Toy - 3 Pack,5310627,InStock,USD,5.07,3.0,9,f896201d-b47e-52a3-80ba-26030b05a17c,30/07/2022 12:09:41
https://www.petsmart.com/dog/grooming-supplies/shampoos-and-conditioners/burts-bees-hydrating-dog-conditioner---coconut-oil-39959.html,Burt's Bees&reg; Hydrating Dog Conditioner - Coconut Oil,5258278,Burt's Bees,0742797782492,Burt's Bees&reg; Hydrating Dog Conditioner - Coconut Oil,5258278,InStock,USD,13.99,4.25,4,50b0a4f5-0f4a-5435-b23f-31fabb983d21,30/07/2022 12:09:41
https://www.petsmart.com/dog/crates-gates-and-containment/carriers-and-crates/pet-gear-i-go-2-traveler-pet-backpack-carrier-7409.html,Pet Gear I-GO-2 Traveler Pet Backpack Carrier,5153917,Pet Gear,0810684005334,Pet Gear I-GO-2 Traveler Pet Backpack Carrier,5153917,InStock,USD,56.89,3.0,1,f8cbcbd5-ded0-5d46-86ea-a8183ac4da07,30/07/2022 12:09:41
https://www.petsmart.com/cat/litter-and-waste-disposal/litter/dr.-elseys-precious-cat-crystal-multi-cat-silica-cat-litter-13507.html,Dr. Elsey's Precious Cat Crystal Multi-Cat Silica Cat Litter,5124258,Dr. Elsey's,0000338006385,Dr. Elsey's Precious Cat Crystal Multi-Cat Silica Cat Litter,5124258,OutOfStock,USD,23.49,4.1471,34,64b0d434-95b4-5ca4-a115-1d76ac2bd41e,30/07/2022 12:09:41
https://www.petsmart.com/dog/beds-and-furniture/blankets/eands-pets-personalized-yorkie-figurine-holiday-ornament-62035.html,E&amp;S Pets Personalized Yorkie Figurine Holiday Ornament,5306990,E&amp;S Pets,0631384641758,E&amp;S Pets Personalized Yorkie Figurine Holiday Ornament,5306990,InStock,USD,10.99,,0,933354da-f0e9-5c7e-a251-77b84852db88,30/07/2022 12:09:43
https://www.petsmart.com/cat/food-and-treats/food-toppers/nulo-medalseries--wet-cat-food-topper---limited-ingredient-2.8-oz.-47341.html,"Nulo MedalSeries  Wet Cat Food Topper - Limited Ingredient, 2.8 Oz.",5268798,Nulo,0811939021819,"Nulo MedalSeries  Wet Cat Food Topper - Limited Ingredient, 2.8 Oz.",5268798,InStock,USD,2.19,5.0,2,3ecb1d27-7092-5083-8fb3-b9cce52fc476,30/07/2022 12:09:43
https://www.petsmart.com/dog/food/dry-food/natures-recipe-dry-dog-food-adult---chicken-sweet-potato-pumpkin-3205.html,"Nature's Recipe Dry Dog Food Adult - Chicken, Sweet Potato, Pumpkin",5177228,Nature's Recipe,0730521513900,"Nature's Recipe Dry Dog Food Adult - Chicken, Sweet Potato, Pumpkin",5177228,InStock,USD,10.99,4.5814,86,78c4e28a-f962-50f8-99bd-db6da66c6dee,30/07/2022 12:09:44
https://www.petsmart.com/dog/collars-harnesses-and-leashes/collars/pendleton-zion-national-park-adventure-dog-collar-70035.html,Pendleton Zion National Park Adventure Dog Collar,5325045,Pendleton,0830000055034,Pendleton Zion National Park Adventure Dog Collar,5325045,InStock,USD,31.50,,0,6f3369cb-e905-59bf-9f30-e519587031bb,30/07/2022 12:09:44
https://www.petsmart.com/cat/food-and-treats/wet-food/fancy-feast-gravy-lovers-all-life-stages-cat-wet-food---5.53-lb.-with-vitamins-1362.html,"Fancy Feast&reg; Gravy Lovers All Life Stages Cat Wet Food - 5.53 lb., With Vitamins",5164704,Fancy Feast,0050000580064,"Fancy Feast&reg; Gravy Lovers All Life Stages Cat Wet Food - 5.53 lb., With Vitamins",5164704,InStock,USD,20.49,4.7129,101,06d6e3c3-880e-5592-83f0-13805ae94ec8,30/07/2022 12:09:45
https://www.petsmart.com/cat/collars-harnesses-and-leashes/collars/made-by-cleo-holiday-holly-christmas-botanical-slide-on-cat-bandana-73380.html,Made By Cleo&reg; Holiday Holly Christmas Botanical Slide-On Cat Bandana,5333483,Made By Cleo,0616943692778,Made By Cleo&reg; Holiday Holly Christmas Botanical Slide-On Cat Bandana,5333483,InStock,USD,12.99,,0,aeb3516c-a2c5-5f4e-9e7e-b05928db6edf,30/07/2022 12:09:45
https://www.petsmart.com/dog/grooming-supplies/hair-clippers-and-trimmers/andis-proclip-excelandtrade-5-speed-pet-hair-clipper-12030.html,Andis&reg; ProClip Excel&amp;trade; 5-Speed Pet Hair Clipper,5176345,Andis,0040102654107,Andis&reg; ProClip Excel&amp;trade; 5-Speed Pet Hair Clipper,5176345,OutOfStock,USD,259.99,4.05,20,a954024e-9538-503c-9de5-0b964ca088af,30/07/2022 12:09:46
https://www.petsmart.com/cat/bowls-and-feeders/automatic-feeders/catit-pixi-smart-cat-feeder-62724.html,Catit&reg; PIXI Smart Cat Feeder,5307818,Catit,0022517437520,Catit&reg; PIXI Smart Cat Feeder,5307818,InStock,USD,129.99,2.6,5,0eb710ec-7457-5317-a1ac-f64d38b71e9f,30/07/2022 12:09:47
https://www.petsmart.com/cat/food-and-treats/dry-food/wellness-core-kitten-dry-cat-food---turkey-and-chicken-natural-grain-free-355.html,"Wellness&reg; CORE&reg; Kitten Dry Cat Food - Turkey &amp; Chicken, Natural, Grain Free",5178636,Wellness,0076344088509,"Wellness&reg; CORE&reg; Kitten Dry Cat Food - Turkey &amp; Chicken, Natural, Grain Free",5178636,InStock,USD,12.99,4.4267,150,4bdfe984-63d5-54e7-96eb-900eed109d7b,30/07/2022 12:09:48
https://www.petsmart.com/fish/tanks-aquariums-and-nets/aquariums/clear-for-life-55-gallon-hexagon-aquarium-16614.html,Clear-For-Life 55 Gallon Hexagon Aquarium,5188222,Clear-For-Life,0637441001763,Clear-For-Life 55 Gallon Hexagon Aquarium,5188222,InStock,USD,709.19,,0,57e65774-b699-559e-a7e0-5911d19bee96,30/07/2022 12:09:49
https://www.petsmart.com/dog/cleaning-supplies/stain-and-odor-removers/top-paw-dog-print-reusable-shopping-tote-bag-64071.html,Top Paw&reg; Dog Print Reusable Shopping Tote Bag,5294176,Top Paw,0737257858176,Top Paw&reg; Dog Print Reusable Shopping Tote Bag,5294176,OutOfStock,USD,2.00,4.875,8,25dc0201-76a6-56e4-a9a4-81bc556b8d33,30/07/2022 12:09:49
https://www.petsmart.com/dog/food/dry-food/authority-everyday-health-large-breed-adult-dry-dog-food---chicken-49262.html,Authority&reg; Everyday Health Large Breed Adult Dry Dog Food - Chicken,5278690,Authority,0737257780798,Authority&reg; Everyday Health Large Breed Adult Dry Dog Food - Chicken,5278690,InStock,USD,55.99,4.3869,137,0604ab1f-a4b0-55f2-9135-c0797531504c,30/07/2022 12:09:49
https://www.petsmart.com/cat/food-and-treats/veterinary-diets/hills-prescription-diet-c%2Fd-multicare-urinary-care-cat-food---chicken-1719.html,Hill's&reg; Prescription Diet&reg; c/d Multicare Urinary Care Cat Food - Chicken,5072073,Hill's Prescription Diet,0052742623801,Hill's&reg; Prescription Diet&reg; c/d Multicare Urinary Care Cat Food - Chicken,5072073,InStock,USD,2.55,4.4931,217,b8ad3d0e-4498-5ad1-b4b5-02d1f0f63290,30/07/2022 12:09:50
https://www.petsmart.com/dog/cleaning-supplies/furniture-and-car-protection/kurgo-wander-pet-hammock-7527.html,Kurgo&reg; Wander Pet Hammock,5155190,Kurgo,0896622000302,Kurgo&reg; Wander Pet Hammock,5155190,InStock,USD,69.95,4.0791,177,4b8b0596-ace7-5523-b617-79ab55ce59c6,30/07/2022 12:09:51
https://www.petsmart.com/cat/food-and-treats/wet-food/blue-buffalo-freedomandtrade--adult-wet-cat-food---grain-free-5.5-oz.-18335.html,"Blue Buffalo&reg; Freedom&amp;trade;  Adult Wet Cat Food - Grain Free, 5.5 Oz.",5200143,Blue Buffalo,0859610008940,"Blue Buffalo&reg; Freedom&amp;trade;  Adult Wet Cat Food - Grain Free, 5.5 Oz.",5200143,InStock,USD,1.75,4.4,35,87158337-86b3-5546-b915-28360cfaa443,30/07/2022 12:09:51
https://www.petsmart.com/fish/food-and-care/pond-care/top-fin-pond-water-conditioner-55050.html,Top Fin&reg; Pond Water Conditioner,5292835,Top Fin,0737257853676,Top Fin&reg; Pond Water Conditioner,5292835,OutOfStock,USD,9.57,,0,51f6b7a9-78e1-5f56-8086-d7014ee111c6,30/07/2022 12:09:53
https://www.petsmart.com/dog/dental-care-and-wellness/vitamins-and-supplements/vetiq-multivitamin-hickory-smoke-flavor-soft-chew-dog-supplement---90ct-65451.html,VetIQ Multivitamin Hickory Smoke Flavor Soft Chew Dog Supplement - 90ct,5312934,VetIQ,0818145018886,VetIQ Multivitamin Hickory Smoke Flavor Soft Chew Dog Supplement - 90ct,5312934,InStock,USD,8.99,4.7778,54,341db31b-6569-5739-a900-d029223c97d0,30/07/2022 12:09:54
https://www.petsmart.com/dog/collars-harnesses-and-leashes/collars/chicago-white-sox-mlb-dog-collar-36186.html,Chicago White Sox MLB Dog Collar,5270900,Pets First,0849790068469,Chicago White Sox MLB Dog Collar,5270900,InStock,USD,15.99,,0,bc0c214d-df91-55a9-b73b-83328b912f13,30/07/2022 12:09:54
https://www.petsmart.com/fish/filters-and-pumps/filters/marineland-penguin-pro-375-power-filter-61211.html,Marineland Penguin PRO 375 Power Filter,5301183,Marineland,0047431781818,Marineland Penguin PRO 375 Power Filter,5301183,InStock,USD,64.99,3.0323,31,93264dcb-d03c-5148-a099-5934273bd516,30/07/2022 12:09:54
https://www.petsmart.com/pharmacy/dog/arthritis-and-pain-relief/previcox-chewable-tablets-for-dogs-57-mg-66607.html,Previcox Chewable Tablets for Dogs 57 mg,5315994,Previcox,3506047217588,Previcox Chewable Tablets for Dogs 57 mg,5315994,InStock,USD,105.03,,0,17fa2e98-03ac-5c38-9253-80029f80c18f,30/07/2022 12:09:55
https://www.petsmart.com/fish/decor-gravel-and-substrate/artificial-plants/top-fin-artificial-aquarium-plant-variety-pack-16633.html,Top Fin&reg; Artificial Aquarium Plant Variety Pack,5119337,Top Fin,0737257103504,Top Fin&reg; Artificial Aquarium Plant Variety Pack,5119337,InStock,USD,9.99,2.75,4,9bc1ee62-4c74-5898-8557-d1c76e878be7,30/07/2022 12:09:55
https://www.petsmart.com/cat/food-and-treats/wet-food/solid-gold-wholesome-selectsandtrade-adult-cat-food---chunks-grain-free-gluten-free-49766.html,"Solid Gold Wholesome Selects&amp;trade; Adult Cat Food - Chunks, Grain Free, Gluten Free",5281443,Solid Gold,0093766477032,"Solid Gold Wholesome Selects&amp;trade; Adult Cat Food - Chunks, Grain Free, Gluten Free",5281443,InStock,USD,1.69,3.5,8,8680fd01-1d7a-5ea2-96e1-e3029e261896,30/07/2022 12:09:55
https://www.petsmart.com/dog/treats/dental-treats/ark-naturals-protection-%2B-brushless-toothpaste-5-in-1-large-dog-dental-treats-69169.html,Ark Naturals Protection + Brushless Toothpaste 5 in 1 Large Dog Dental Treats,5323254,Ark Naturals,0632634451035,Ark Naturals Protection + Brushless Toothpaste 5 in 1 Large Dog Dental Treats,5323254,InStock,USD,54.99,5.0,1,9351de9f-bdcc-5cda-9edb-090972b9953a,30/07/2022 12:09:56
https://www.petsmart.com/dog/treats/bones-and-rawhide/roam-bucky-trachsandtrade-dog-treat---outback-kangaroo-64628.html,ROAM&reg; Bucky Trachs&amp;trade; Dog Treat - Outback Kangaroo,5307981,ROAM,0818782022567,ROAM&reg; Bucky Trachs&amp;trade; Dog Treat - Outback Kangaroo,5307981,OutOfStock,USD,5.99,4.8,5,479ffa79-7da3-51f6-bc0d-0f9b83fa4f91,30/07/2022 12:09:56
https://www.petsmart.com/cat/food-and-treats/treats/great-choice-delightfuls-cat-treat---chicken-with-grain-57990.html,"Great Choice&reg; Delightfuls Cat Treat - Chicken, With-Grain",5298156,Great Choice,0737257882836,"Great Choice&reg; Delightfuls Cat Treat - Chicken, With-Grain",5298156,InStock,USD,9.49,2.5769,26,4f93bf80-ccff-5b82-bc78-ca6cc72373b3,30/07/2022 12:09:56
https://www.petsmart.com/dog/collars-harnesses-and-leashes/collars/pittsburgh-pirates-mlb-collar-36852.html,Pittsburgh Pirates MLB Collar,5252223,Pets First,0849790016743,Pittsburgh Pirates MLB Collar,5252223,InStock,USD,10.99,,0,c382c8d3-0ad8-5d47-915b-52ea93140494,30/07/2022 12:09:58
https://www.petsmart.com/dog/clothing-and-shoes/bandanas-bows-and-hats/buttons-and-bones-hanukkah-happy-challah-days-pet-bandana-66029.html,Buttons and Bones Hanukkah Happy Challah Days Pet Bandana,5314260,Buttons and Bones,0810045333151,Buttons and Bones Hanukkah Happy Challah Days Pet Bandana,5314260,InStock,USD,9.99,,0,2a250140-82e5-50e6-9be5-2a9e95cc88f8,30/07/2022 12:09:58
https://www.petsmart.com/fish/decor-gravel-and-substrate/artificial-plants/top-fin-artificial-realistic-spade-leaf-aquarium-plant---4-55212.html,Top Fin&reg; Artificial Realistic Spade Leaf Aquarium Plant - 4&quot;,5285604,Top Fin,0737257819108,Top Fin&reg; Artificial Realistic Spade Leaf Aquarium Plant - 4&quot;,5285604,InStock,USD,6.99,4.0,4,68f33cba-21e1-543f-ac9e-b165744398d4,30/07/2022 12:09:58
https://www.petsmart.com/dog/bowls-and-feeders/placemats/drymate-leopard-print-personalized-placemat-27876.html,Drymate&reg; Leopard Print Personalized Placemat,5227698,Drymate,0758035600107,Drymate&reg; Leopard Print Personalized Placemat,5227698,InStock,USD,19.99,3.6667,3,0387e5a2-c178-5575-9bdd-e5d92a9e157d,30/07/2022 12:09:58
https://www.petsmart.com/dog/collars-harnesses-and-leashes/harnesses/lucy-and-co.-monster-mingle-reversible-dog-harness-70026.html,Lucy &amp; Co. Monster Mingle Reversible Dog Harness,5325241,Lucy &amp; Co.,0810075493498,Lucy &amp; Co. Monster Mingle Reversible Dog Harness,5325241,OutOfStock,USD,32.99,5.0,1,13757724-0f79-5920-8a76-d84cc4a64e5d,30/07/2022 12:09:58
https://www.petsmart.com/dog/food/dry-food/eukanuba-fit-body-weight-control-small-breed-dry-dog-food-15-lb-53515.html,"Eukanuba Fit Body Weight Control Small Breed Dry Dog Food, 15 lb",5286363,Eukanuba,0030111576217,"Eukanuba Fit Body Weight Control Small Breed Dry Dog Food, 15 lb",5286363,InStock,USD,53.99,4.7385,65,4cf50056-a845-599b-9d64-3ae3429cb553,30/07/2022 12:09:59
https://www.petsmart.com/dog/clothing-and-shoes/jerseys-and-team-sports/tampa-bay-buccaneers-nfl-hoodie-tee-33069.html,Tampa Bay Buccaneers NFL Hoodie Tee,5245271,Pets First,0849790025868,Tampa Bay Buccaneers NFL Hoodie Tee,5245271,InStock,USD,24.99,,0,dc5014de-96fa-5e40-8f54-b2aecff2272e,30/07/2022 12:09:59
https://www.petsmart.com/dog/toys/chew-toys/nylabone-durachew-power-chew-pretzel-dog-toy---bacon-and-peanut-butter-flavor-62698.html,Nylabone&reg; DuraChew&reg; Power Chew Pretzel Dog Toy - Bacon &amp; Peanut Butter Flavor,5307873,Nylabone,0018214850724,Nylabone&reg; DuraChew&reg; Power Chew Pretzel Dog Toy - Bacon &amp; Peanut Butter Flavor,5307873,InStock,USD,9.99,4.4615,13,838d6e3a-bedf-5e68-83b4-8a4d6687f2f1,30/07/2022 12:10:00
https://www.petsmart.com/dog/clothing-and-shoes/bandanas-bows-and-hats/netflix-stranger-things-pet-bandana-69887.html,Netflix Stranger Things Pet Bandana,5325162,Netflix,0845487022691,Netflix Stranger Things Pet Bandana,5325162,InStock,USD,9.99,5.0,1,5e7d6ea2-c1da-5383-bece-fca2b89342a9,30/07/2022 12:10:00
https://www.petsmart.com/dog/clothing-and-shoes/jerseys-and-team-sports/green-bay-packers-nfl-hoodie-tee-33059.html,Green Bay Packers NFL Hoodie Tee,5245229,Pets First,0849790025141,Green Bay Packers NFL Hoodie Tee,5245229,InStock,USD,24.99,,0,de3cb886-2bf7-515a-8eb4-f167475b8b0f,30/07/2022 12:10:02
https://www.petsmart.com/cat/toys/plush-toys/whisker-city-hipcat-retro-game-cat-toy---catnip-plush-53282.html,"Whisker City&reg; Hipcat Retro Game Cat Toy - Catnip, Plush",5287530,Whisker City,0737257830677,"Whisker City&reg; Hipcat Retro Game Cat Toy - Catnip, Plush",5287530,OutOfStock,USD,3.99,,0,96fd25b6-65b7-516d-8d24-f93c20aa3a3e,30/07/2022 12:10:03
https://www.petsmart.com/fish/live-fish/goldfish-betta-and-more/black-moor-goldfish-15238.html,Black Moor Goldfish,4031697,null,0400403169791,Black Moor Goldfish,4031697,OutOfStock,USD,9.99,4.2899,138,c98a0588-19d6-5ad1-a537-278393c53eee,30/07/2022 12:10:03
https://www.petsmart.com/cat/food-and-treats/wet-food/fancy-feast-creamy-delights-adult-cat-wet-food---3.33-oz.-41951.html,Fancy Feast&reg; Creamy Delights Adult Cat Wet Food - 3.33 oz.,5263651,Fancy Feast,0050000168262,Fancy Feast&reg; Creamy Delights Adult Cat Wet Food - 3.33 oz.,5263651,OutOfStock,USD,0.86,4.0968,4617,dd295422-d0e0-5bf7-9d72-04e058407fcb,30/07/2022 12:10:04
https://www.petsmart.com/cat/collars-harnesses-and-leashes/collars/made-by-cleo-velvet-cat-bow-tie-73447.html,Made By Cleo&reg; Velvet Cat Bow Tie,5333564,Made By Cleo,0616943692440,Made By Cleo&reg; Velvet Cat Bow Tie,5333564,InStock,USD,10.99,,0,6c661e1f-8a68-5bf5-8c46-6276610dfcc8,30/07/2022 12:10:05
https://www.petsmart.com/reptile/snake/decor-and-accessories/thrive-java-wood-reptile-branch-5314949.html,Thrive Java Wood Reptile Branch,5314948,Thrive,0737257951365,Thrive Java Wood Reptile Branch,5314948,InStock,USD,39.99,4.6667,6,26ca4680-9806-53cf-9ae4-b9a4b91f8418,30/07/2022 12:10:05
https://www.petsmart.com/dog/food/dry-food/wellness-core-adult-dog-food---natural-grain-free-original-formula-30372.html,"Wellness&reg; CORE&reg; Adult Dog Food - Natural, Grain Free, Original Formula",5171472,Wellness,0076344884088,"Wellness&reg; CORE&reg; Adult Dog Food - Natural, Grain Free, Original Formula",5171472,InStock,USD,20.99,4.7126,174,3ef0415f-a346-5a19-9163-615287646966,30/07/2022 12:10:05
https://www.petsmart.com/dog/bowls-and-feeders/food-and-water-bowls/top-paw-double-diner-dog-stand-with-bowls-6316.html,Top Paw&reg; Double Diner Dog Stand With Bowls,5128755,Top Paw,0737257139985,Top Paw&reg; Double Diner Dog Stand With Bowls,5128755,OutOfStock,USD,27.99,3.6087,23,f4a08118-60ac-5cd0-a5c0-6697e997243c,30/07/2022 12:10:05
https://www.petsmart.com/cat/food-and-treats/food-toppers/natural-balance-platefulls-indoor-adult-cat-food---grain-free-chicken-and-chicken-liver-30138.html,"Natural Balance Platefulls Indoor Adult Cat Food - Grain Free, Chicken &amp; Chicken Liver",5235447,Natural Balance,0723633531078,"Natural Balance Platefulls Indoor Adult Cat Food - Grain Free, Chicken &amp; Chicken Liver",5235447,InStock,USD,1.29,4.3333,3,64313f11-50d1-50c8-8e48-8187030fad8d,30/07/2022 12:10:05
https://www.petsmart.com/dog/collars-harnesses-and-leashes/collars/university-of-tennessee-volunteer-ncaa-collar-23359.html,University of Tennessee Volunteer NCAA Collar,5218003,Pets First,0849790038806,University of Tennessee Volunteer NCAA Collar,5218003,InStock,USD,14.99,,0,902ef56e-2d6a-5ab1-8a3b-d012e8272813,30/07/2022 12:10:06
https://www.petsmart.com/dog/toys/plush-toys/top-paw-water-dog-so-sour-lime-dog-toy-70665.html,Top Paw&reg; Water Dog SO SOUR Lime Dog Toy,5327451,Top Paw,0737257989849,Top Paw&reg; Water Dog SO SOUR Lime Dog Toy,5327451,InStock,USD,3.07,,0,96b15eec-07d7-5b91-b916-ed064a80d437,30/07/2022 12:10:07
https://www.petsmart.com/cat/food-and-treats/dry-food/rachael-ray-nutrish-dry-cat-food-all-ages---chicken-brown-rice-48058.html,"Rachael Ray Nutrish Dry Cat Food All Ages - Chicken, Brown Rice",5277689,Rachael Ray Nutrish,0071190006981,"Rachael Ray Nutrish Dry Cat Food All Ages - Chicken, Brown Rice",5277689,InStock,USD,24.99,4.785,1535,9d26cc79-9092-5274-8e61-c0ebb5536505,30/07/2022 12:10:08
https://www.petsmart.com/dog/toys/plush-toys/pets-first-seattle-seahawks-football-rope-dog-toy-61523.html,Pets First Seattle Seahawks Football Rope Dog Toy,5305766,Pets First,0849790069831,Pets First Seattle Seahawks Football Rope Dog Toy,5305766,InStock,USD,12.99,,0,8a4143b5-a9b1-522d-8272-c1de179273d1,30/07/2022 12:10:08
https://www.petsmart.com/fish/filters-and-pumps/air-and-water-pumps/top-fin-aquarium-airline-tubing-58891.html,Top Fin&reg; Aquarium Airline Tubing,5291863,Top Fin,0737257885271,Top Fin&reg; Aquarium Airline Tubing,5291863,InStock,USD,4.99,4.8696,23,ff1dde26-2d34-59b0-b287-56384ab8c2a6,30/07/2022 12:10:08
https://www.petsmart.com/dog/food/canned-food/canidae-under-the-sun-pate-dog-wet-food---grain-free-52928.html,Canidae Under the Sun Pate Dog Wet Food - Grain Free,5288828,CANIDAE,0640461820481,Canidae Under the Sun Pate Dog Wet Food - Grain Free,5288828,OutOfStock,USD,3.29,,0,7614fea8-b98e-5a99-b730-107214513beb,30/07/2022 12:10:08
https://www.petsmart.com/dog/cleaning-supplies/waste-disposal/top-paw-black-canvas-waste-bag-dispenser-69047.html,Top Paw&reg; Black Canvas Waste Bag Dispenser,5323476,Top Paw,0737257977136,Top Paw&reg; Black Canvas Waste Bag Dispenser,5323476,InStock,USD,9.99,,0,3b3d93fc-a017-527a-b4d9-7a34ad41a035,30/07/2022 12:10:08
https://www.petsmart.com/dog/food/dry-food/merrick-healthy-grains-healthy-weight-adult-dry-dog-food---chicken-carrageenan-free-corn-free-61679.html,"Merrick&reg; Healthy Grains Healthy Weight Adult Dry Dog Food - Chicken, Carrageenan Free, Corn Free",5306544,Merrick,0022808320043,"Merrick&reg; Healthy Grains Healthy Weight Adult Dry Dog Food - Chicken, Carrageenan Free, Corn Free",5306544,InStock,USD,22.98,4.4156,77,1347fc92-f694-55ac-a691-6c0365c279bc,30/07/2022 12:10:09
https://www.petsmart.com/dog/toys/plush-toys/netflix-stranger-things-steve-harrington-babysitter-bat-dog-toy---plush-squeaker-69781.html,"Netflix Stranger Things Steve Harrington Babysitter Bat Dog Toy - Plush, Squeaker",5325000,Netflix,0845487022912,"Netflix Stranger Things Steve Harrington Babysitter Bat Dog Toy - Plush, Squeaker",5325000,InStock,USD,11.99,3.25,4,e744a155-13ad-5468-97da-b449e87052b0,30/07/2022 12:10:10
https://www.petsmart.com/dog/collars-harnesses-and-leashes/collars/south-carolina-gamecocks-ncaa-dog-collar-33784.html,South Carolina Gamecocks NCAA Dog Collar,5242458,Pets First,0849790009042,South Carolina Gamecocks NCAA Dog Collar,5242458,InStock,USD,14.99,,0,ae2cf524-551e-5f89-942b-12bd5da815f7,30/07/2022 12:10:10
https://www.petsmart.com/dog/clothing-and-shoes/bandanas-bows-and-hats/fresh-pawz-le-fleur-cooling-dog-bandanna-71818.html,Fresh Pawz Le Fleur Cooling Dog Bandanna,5330160,Fresh Pawz,0842221010709,Fresh Pawz Le Fleur Cooling Dog Bandanna,5330160,InStock,USD,12.00,,0,2a9d05f7-546a-5583-87ce-8b3e50d1ed51,30/07/2022 12:10:10
https://www.petsmart.com/cat/food-and-treats/wet-food/fancy-feast-medleys-adult-cat-wet-food---2.8-lb.-1361.html,Fancy Feast&reg; Medleys Adult Cat Wet Food - 2.8 lb.,5164052,Fancy Feast,0050000580682,Fancy Feast&reg; Medleys Adult Cat Wet Food - 2.8 lb.,5164052,InStock,USD,12.59,4.5714,91,64e0094e-f9d9-552a-9f9a-b0f622d2d4c9,30/07/2022 12:10:12
https://www.petsmart.com/dog/dental-care-and-wellness/treatments/dog-mxandtrade-plastic-e-collar-67735.html,Dog MX&amp;trade; Plastic E-Collar,5319482,Dog MX,0737257968608,Dog MX&amp;trade; Plastic E-Collar,5319482,InStock,USD,18.99,3.3559,59,ad74624e-59e7-50c2-b08b-5493782f8154,30/07/2022 12:10:12
https://www.petsmart.com/dog/collars-harnesses-and-leashes/harnesses/puppia-mountaineer-ii-dog-harness-coat-67348.html,Puppia&reg; Mountaineer II Dog Harness Coat,5318729,Puppia,8809638425009,Puppia&reg; Mountaineer II Dog Harness Coat,5318729,OutOfStock,USD,74.00,3.4286,7,1be4a1e9-428f-5a05-9f17-0d4911b83525,30/07/2022 12:10:12
https://www.petsmart.com/dog/dental-care-and-wellness/dental-care/arm-and-hammer-pro-clean-dental-kit-68624.html,Arm &amp; Hammer Pro Clean Dental Kit,5322090,Arm &amp; Hammer,0742797946559,Arm &amp; Hammer Pro Clean Dental Kit,5322090,InStock,USD,15.99,2.0,1,ab549624-5eba-5436-be68-ba9e7423d9d6,30/07/2022 12:10:13
https://www.petsmart.com/fish/decor-gravel-and-substrate/backgrounds/marina-clearview-background-adhesive-solution-17287.html,Marina&reg; ClearView Background Adhesive Solution,5174441,Marina,0015561117050,Marina&reg; ClearView Background Adhesive Solution,5174441,OutOfStock,USD,5.99,1.7143,14,cea9d8a7-88d6-5224-822b-213380d8e2ee,30/07/2022 12:10:13
https://www.petsmart.com/dog/crates-gates-and-containment/fence-systems/petsafe-wireless-pet-containment-system-receiver-dog-collar-13817.html,PetSafe&reg; Wireless Pet Containment System Receiver Dog Collar,5005401,PetSafe,0729849106284,PetSafe&reg; Wireless Pet Containment System Receiver Dog Collar,5005401,InStock,USD,144.95,4.234,47,9b795777-7732-5e47-9db6-c7fe027f07c6,30/07/2022 12:10:13
https://www.petsmart.com/fish/food-and-care/salt-water-aquarium-care/api-marine-melafix-25991.html,API&reg; Marine Melafix,5131378,API,0317163043110,API&reg; Marine Melafix,5131378,InStock,USD,11.59,5.0,1,0562e9d0-6a19-599e-8d0e-78af5cc295fa,30/07/2022 12:10:14
https://www.petsmart.com/small-pet/health-and-grooming/vitamins-and-supplements/oasis-vita-dropsandtrade-high-potency-rabbit-daily-multivitamins-14524.html,Oasis&reg; Vita-Drops&amp;trade; High Potency Rabbit Daily Multivitamins,2051001,Kordon,0048054800627,Oasis&reg; Vita-Drops&amp;trade; High Potency Rabbit Daily Multivitamins,2051001,InStock,USD,11.99,5.0,3,a96e2b0b-f95c-5085-9214-2b034b14943b,30/07/2022 12:10:14
https://www.petsmart.com/dog/bowls-and-feeders/automatic-feeders/petsafe-healthy-pet-water-station-6973.html,PetSafe&reg; Healthy Pet Water Station,5153301,PetSafe,0729849118560,PetSafe&reg; Healthy Pet Water Station,5153301,InStock,USD,42.95,4.0392,51,c5b4b1e1-6449-5bb6-b241-fb3a32f2e0ea,30/07/2022 12:10:15
https://www.petsmart.com/fish/decor-gravel-and-substrate/ornaments/biorb-coral-ridge-aquarium-ornament-73937.html,biOrb Coral Ridge Aquarium Ornament,5335307,biOrb,0822728010372,biOrb Coral Ridge Aquarium Ornament,5335307,InStock,USD,65.99,,0,6237cec2-2cde-5fa7-9f07-00cecc0246e8,30/07/2022 12:10:16
https://www.petsmart.com/bird/wild-bird-food-and-supplies/outdoor-feeders/squirrel-x2-squirrel-proof-bird-feeder-37892.html,Squirrel-X2 Squirrel-Proof Bird Feeder,5254525,Squirrel-X,0815562011209,Squirrel-X2 Squirrel-Proof Bird Feeder,5254525,OutOfStock,USD,24.99,2.3125,16,a5ad5c9a-2474-5637-9e3c-624096c7fd0d,30/07/2022 12:10:17
https://www.petsmart.com/dog/food/dry-food/blue-buffalo-wildernessandtrade--adult-dry-dog-food---grain-free-chicken-3280.html,"Blue Buffalo&reg; Wilderness&amp;trade;  Adult Dry Dog Food - Grain Free, Chicken",5162673,Blue Buffalo,0859610006328,"Blue Buffalo&reg; Wilderness&amp;trade;  Adult Dry Dog Food - Grain Free, Chicken",5162673,OutOfStock,USD,19.99,4.6467,184,43d11785-c96b-5be1-9376-3c80934d616a,30/07/2022 12:10:17
https://www.petsmart.com/reptile/substrate-and-bedding/thrive-desert-natural-calcium-sand-53977.html,Thrive Desert Natural Calcium Sand,5290974,Thrive,0737257842168,Thrive Desert Natural Calcium Sand,5290974,InStock,USD,21.99,4.2955,44,b7db9e2e-9d62-5446-a218-19f25a05f80d,30/07/2022 12:10:17
https://www.petsmart.com/pharmacy/cat/antibiotics/clindamycin-hydrochloride-oral-drops-25-mg%2Fml-20-ml-67003.html,"Clindamycin Hydrochloride Oral Drops 25 mg/ml, 20 ml",5317160,VetOne,3690430120200,"Clindamycin Hydrochloride Oral Drops 25 mg/ml, 20 ml",5317160,InStock,USD,9.49,,0,ed4bef2d-4484-5091-a733-c043dc7c328e,30/07/2022 12:10:17
https://www.petsmart.com/dog/clothing-and-shoes/jerseys-and-team-sports/maryland-terrapins-ncaa-t-shirt-39103.html,Maryland Terrapins NCAA T-Shirt,5259050,Pets First,0849790031715,Maryland Terrapins NCAA T-Shirt,5259050,InStock,USD,19.99,,0,30cf76ca-23f1-5726-9adf-281f47cea8f9,30/07/2022 12:10:17
https://www.petsmart.com/cat/toys/balls-and-chasers/whisker-city-shimmer-ball-cat-toy-color-varies-69503.html,Whisker City&reg; Shimmer Ball Cat Toy (COLOR VARIES),5324010,Whisker City,0737257981515,Whisker City&reg; Shimmer Ball Cat Toy (COLOR VARIES),5324010,OutOfStock,USD,1.99,5.0,1,d753e774-c536-5d43-b8a5-76d6f79bc21b,30/07/2022 12:10:18
https://www.petsmart.com/dog/collars-harnesses-and-leashes/harnesses/puppia-neon-soft-step-in-vest-dog-harness-42998.html,Puppia&reg; Neon Soft Step-In Vest Dog Harness,5267427,Puppia,8806166938810,Puppia&reg; Neon Soft Step-In Vest Dog Harness,5267427,InStock,USD,25.99,5.0,1,1b1372f7-33a8-56ca-a747-4d4eadc6f02b,30/07/2022 12:10:18
https://www.petsmart.com/cat/food-and-treats/food-toppers/nulo-medalseries--wet-cat-food-topper---limited-ingredient-2.8-oz.-47342.html,"Nulo MedalSeries  Wet Cat Food Topper - Limited Ingredient, 2.8 Oz.",5268799,Nulo,0811939021789,"Nulo MedalSeries  Wet Cat Food Topper - Limited Ingredient, 2.8 Oz.",5268799,InStock,USD,2.19,5.0,3,c21334dd-b08f-51a1-b8a7-ae452e60a773,30/07/2022 12:10:18
https://www.petsmart.com/cat/food-and-treats/wet-food/purina-urinary-tract-health-pro-plan-focus-adult-wet-cat-food---5.5-oz-43871.html,Purina Urinary Tract Health Pro Plan Focus Adult Wet Cat Food - 5.5 Oz,5266917,Purina Pro Plan,0038100168900,Purina Urinary Tract Health Pro Plan Focus Adult Wet Cat Food - 5.5 Oz,5266917,InStock,USD,1.98,4.4578,83,e9828ed2-6d8e-56c6-aaeb-c11e88d9f967,30/07/2022 12:10:19
https://www.petsmart.com/cat/food-and-treats/dry-food/royal-canin-maine-coon-breed-adult-dry-cat-food-12778.html,Royal Canin Maine Coon Breed Adult Dry Cat Food,5204033,Royal Canin,0030111543967,Royal Canin Maine Coon Breed Adult Dry Cat Food,5204033,InStock,USD,37.99,4.8477,151,7cf6a8a8-3324-5e59-ba48-283144ec07e0,30/07/2022 12:10:20
https://www.petsmart.com/reptile/environmental-control-and-lighting/light-fixtures/zoo-med-reptile-mini-deep-dome-lamp-37914.html,Zoo Med Reptile Mini Deep Dome Lamp,5254790,Zoo Med,0097612321807,Zoo Med Reptile Mini Deep Dome Lamp,5254790,InStock,USD,29.99,4.75,8,4c3729a1-b318-5afc-aaa3-726fede081cf,30/07/2022 12:10:20
https://www.petsmart.com/dog/treats/dental-treats/whimzees-variety-value-box-medium-dental-dog-treat---natural-grain-free-28-count-64491.html,"WHIMZEES Variety Value Box Medium Dental Dog Treat - Natural, Grain Free, 28 Count",5287577,Whimzees,0815436016293,"WHIMZEES Variety Value Box Medium Dental Dog Treat - Natural, Grain Free, 28 Count",5287577,InStock,USD,34.79,4.8571,7,b5fbe4ab-b8f8-5c4b-bd52-acc46ab97163,30/07/2022 12:10:21
https://www.petsmart.com/dog/toys/fetch-toys/nerfandtrade-dog-x-weave-launching-duck-dog-toy-62673.html,Nerf&amp;trade; Dog X-Weave Launching Duck Dog Toy,5308496,Nerf Dog,0810009474685,Nerf&amp;trade; Dog X-Weave Launching Duck Dog Toy,5308496,InStock,USD,15.99,3.1429,21,b8133716-9d83-597e-bc17-f357713dfff7,30/07/2022 12:10:21
https://www.petsmart.com/dog/toys/fetch-toys/kong-squeezz-tennis-ball-dog-toy---2-pack-squeaker-color-varies-62598.html,"KONG&reg; Squeezz&reg; Tennis Ball Dog Toy - 2 Pack, Squeaker (COLOR VARIES)",5308281,KONG,0035585012148,"KONG&reg; Squeezz&reg; Tennis Ball Dog Toy - 2 Pack, Squeaker (COLOR VARIES)",5308281,InStock,USD,10.99,2.3636,11,88df1b5d-3d86-53df-be3f-bc1971c34f4b,30/07/2022 12:10:21
https://www.petsmart.com/dog/grooming-supplies/shampoos-and-conditioners/top-paw-allergy-relief-dog-conditioner---lavender-and-rosemary-56925.html,Top Paw&reg; Allergy Relief Dog Conditioner - Lavender &amp; Rosemary,5296421,Top Paw,0737257873995,Top Paw&reg; Allergy Relief Dog Conditioner - Lavender &amp; Rosemary,5296421,InStock,USD,9.99,4.5,2,c881b3d4-dd51-56c7-b601-8d6c22a1897e,30/07/2022 12:10:22
https://www.petsmart.com/dog/collars-harnesses-and-leashes/leashes/top-paw-pink-paw-dog-leash-6-ft-long-1-in-wide-62236.html,"Top Paw&reg; Pink Paw Dog Leash: 6-ft long, 1-in wide",5307440,Top Paw,0737257961128,"Top Paw&reg; Pink Paw Dog Leash: 6-ft long, 1-in wide",5307440,InStock,USD,16.99,4.25,4,408c0076-0812-5319-94de-b96178494d0f,30/07/2022 12:10:22
https://www.petsmart.com/dog/collars-harnesses-and-leashes/harnesses/arcadia-trailandtrade-lightweight-dog-harness-56487.html,Arcadia Trail&amp;trade; Lightweight Dog Harness,5296149,Arcadia Trail,0737257872004,Arcadia Trail&amp;trade; Lightweight Dog Harness,5296149,OutOfStock,USD,29.99,3.6769,130,62a63d44-5107-57a8-a70c-263206bbb5b6,30/07/2022 12:10:23
https://www.petsmart.com/dog/beds-and-furniture/pillow-beds/top-paw-navy-and-white-striped-pillow-dog-bed-68450.html,Top Paw&reg; Navy &amp; White Striped Pillow Dog Bed,5321216,Top Paw,0737257973114,Top Paw&reg; Navy &amp; White Striped Pillow Dog Bed,5321216,OutOfStock,USD,13.97,4.5,8,4b567ccb-8622-5423-b780-ec7e64259a91,30/07/2022 12:10:23
https://www.petsmart.com/pharmacy/cat/dewormers-and-parasite-care/droncit-feline-23-mg---single-tablet-67059.html,Droncit Feline 23 mg - Single Tablet,5317306,Droncit,7240891111284,Droncit Feline 23 mg - Single Tablet,5317306,InStock,USD,4.99,,0,1dc393eb-e577-50be-9d0e-6c1d85897168,30/07/2022 12:10:23
https://www.petsmart.com/small-pet/food-treats-and-hay/treats/kaytee-strawberry-and-flax-superfood-treat-stick-63831.html,KAYTEE&reg; Strawberry &amp; Flax Superfood Treat Stick,5308927,Kaytee,0071859003061,KAYTEE&reg; Strawberry &amp; Flax Superfood Treat Stick,5308927,InStock,USD,5.99,4.625,32,44dc3dce-fe15-5c4f-b62b-0069f3cbfe62,30/07/2022 12:10:23
https://www.petsmart.com/dog/cleaning-supplies/furniture-and-car-protection/kurgo-car-door-guard-7525.html,Kurgo&reg; Car Door Guard,5188043,Kurgo,0813146011577,Kurgo&reg; Car Door Guard,5188043,InStock,USD,28.95,3.4646,99,b4efa1b8-a67f-5878-af98-7b411cacfd86,30/07/2022 12:10:24
https://www.petsmart.com/bird/food-and-treats/treats/all-living-things-oat-sprays-bird-treat-4151.html,All Living Things&reg; Oat Sprays Bird Treat,5159039,All Living Things,0737257259607,All Living Things&reg; Oat Sprays Bird Treat,5159039,InStock,USD,4.99,4.7812,32,32ffbbf4-8529-5c96-9c89-ddf9bcd48fe1,30/07/2022 12:10:24
https://www.petsmart.com/dog/toys/plush-toys/top-paw-tuff-with-bite-shieldandtrade-protection-monkey-dog-toy---tough-plush-62456.html,Top Paw&reg; TUFF with Bite Shield&amp;trade; Protection Monkey Dog Toy - Tough Plush,5308132,Top Paw,0737257930841,Top Paw&reg; TUFF with Bite Shield&amp;trade; Protection Monkey Dog Toy - Tough Plush,5308132,InStock,USD,8.97,2.7424,66,a8e3b53f-4e69-5fca-b74f-9b040b3408b7,30/07/2022 12:10:25
https://www.petsmart.com/small-pet/cages-habitats-and-hutches/hutches/ware-indoor-hutch-4-level-small-animal-cage-37107.html,WARE&reg; Indoor Hutch 4 Level Small Animal Cage,5126273,Ware,0791611019047,WARE&reg; Indoor Hutch 4 Level Small Animal Cage,5126273,InStock,USD,159.99,3.35,20,3b68c702-4cae-568f-b81d-5a4c74f8ead3,30/07/2022 12:10:25
https://www.petsmart.com/fish/tanks-aquariums-and-nets/aquariums/seaclear-20-gallon-aquarium-and-hood-16807.html,SeaClear 20 Gallon Aquarium &amp; Hood,5074025,North American Pet Products,0019034122015,SeaClear 20 Gallon Aquarium &amp; Hood,5074025,OutOfStock,USD,245.99,4.8,5,38c77734-cab4-5296-9a85-e3a7ac5a813a,30/07/2022 12:10:26
https://www.petsmart.com/featured-shops/adoption-kit-cat/adult/whisker-city-hooded-cat-bed-5538.html,Whisker City&reg; Hooded Cat Bed,5138724,Whisker City,0737257185111,Whisker City&reg; Hooded Cat Bed,5138724,OutOfStock,USD,N/A,4.5,26,3493fc43-a538-5dfa-8805-ad7e3e7ef7f1,30/07/2022 12:10:26
https://www.petsmart.com/bird/grooming/nail-and-beak-trimmers/all-living-things-cuttlebone-holder-52831.html,All Living Things&reg; Cuttlebone Holder,5284997,All Living Things,0737257816107,All Living Things&reg; Cuttlebone Holder,5284997,InStock,USD,3.99,5.0,1,b43df19e-1806-5ef3-abaf-2fee39885c65,30/07/2022 12:10:26
https://www.petsmart.com/small-pet/toys-and-habitat-accessories/toys/full-cheeks-small-pet-scratch-and-grind-pumice-ledge-68172.html,Full Cheeks Small Pet Scratch &amp; Grind Pumice Ledge,5318524,Full Cheeks,0737257963467,Full Cheeks Small Pet Scratch &amp; Grind Pumice Ledge,5318524,InStock,USD,4.97,4.2,5,2d9d970f-19ce-5ea8-88d8-503996099237,30/07/2022 12:10:26
https://www.petsmart.com/dog/bowls-and-feeders/food-and-water-bowls/mobile-dog-gear-dine-away-dog-bag-65524.html,Mobile Dog Gear Dine Away Dog Bag,5313092,Mobile Dog Gear,0871407007493,Mobile Dog Gear Dine Away Dog Bag,5313092,InStock,USD,39.99,5.0,4,35b91512-c42e-583c-a867-9310b6d4afb1,30/07/2022 12:10:27
https://www.petsmart.com/dog/cleaning-supplies/waste-disposal/barkyard-bad-spot---tall-fescue-mix---mulch-seed-fertilizer---3.75-lb-64712.html,"BarkYard Bad Spot - Tall Fescue Mix - Mulch, Seed, Fertilizer - 3.75 lb",5311702,BarkYard,0032247175647,"BarkYard Bad Spot - Tall Fescue Mix - Mulch, Seed, Fertilizer - 3.75 lb",5311702,InStock,USD,19.99,,0,a0485fd2-80fc-5afd-bbd9-b6e5562e9a14,30/07/2022 12:10:27
https://www.petsmart.com/dog/food/canned-food/natures-recipe-wet-dog-food-all-ages---chicken-salmon-turkey-57947.html,"Nature's Recipe Wet Dog Food All Ages - Chicken, Salmon, Turkey",5282601,Nature's Recipe,0730521308179,"Nature's Recipe Wet Dog Food All Ages - Chicken, Salmon, Turkey",5282601,InStock,USD,14.89,4.6364,11,7aeec611-f060-5d12-87c6-1dc73e22841f,30/07/2022 12:10:28
https://www.petsmart.com/dog/crates-gates-and-containment/backpacks/mobile-dog-gear-week-away-tote-pet-travel-bag-65531.html,Mobile Dog Gear Week Away Tote Pet Travel Bag,5313199,Mobile Dog Gear,0871407007974,Mobile Dog Gear Week Away Tote Pet Travel Bag,5313199,InStock,USD,69.99,5.0,6,de44114a-d481-534c-a987-469246d1e295,30/07/2022 12:10:28
https://www.petsmart.com/dog/clothing-and-shoes/jerseys-and-team-sports/texas-rangers-mlb-hoody-tee-36834.html,Texas Rangers MLB Hoody Tee,5252322,Pets First,0849790057234,Texas Rangers MLB Hoody Tee,5252322,InStock,USD,24.99,,0,1979ed8b-d7d0-534e-ab28-38640a0a2c84,30/07/2022 12:10:29
https://www.petsmart.com/dog/treats/bones-and-rawhide/collachews-rawhide-alternative-6-rolls-collagen-dog-treats---natural-peanut-butter-69898.html,"Collachews Rawhide Alternative 6&quot; Rolls Collagen Dog Treats - Natural, Peanut Butter",5322555,Collachews,0810022721179,"Collachews Rawhide Alternative 6&quot; Rolls Collagen Dog Treats - Natural, Peanut Butter",5322555,InStock,USD,24.99,,0,b93c13d2-7037-57d3-956b-40f18d2a86bd,30/07/2022 12:10:29
https://www.petsmart.com/dog/treats/bones-and-rawhide/roam-el-grande-gnaw-kleandtrade-dog-bone-treat---cape-ostrich-57913.html,ROAM&reg; El Grande Gnaw-Kle&amp;trade; Dog Bone Treat - Cape Ostrich,5294973,ROAM,0818782021515,ROAM&reg; El Grande Gnaw-Kle&amp;trade; Dog Bone Treat - Cape Ostrich,5294973,OutOfStock,USD,15.99,4.7,20,7ebbb665-1bd3-580f-9b66-5ad908ed2591,30/07/2022 12:10:30
https://www.petsmart.com/fish/decor-gravel-and-substrate/gravel-sand-and-stones/caribsea-aragonite-aquarium-reef-sand-16742.html,CaribSea Aragonite Aquarium Reef Sand,5082033,CaribSea,0008479000507,CaribSea Aragonite Aquarium Reef Sand,5082033,InStock,USD,26.99,4.3333,27,afe11d14-9c84-52b5-ae09-31a757232099,30/07/2022 12:10:30
https://www.petsmart.com/cat/crates-gates-and-containment/pens/iris-3-tier-wire-cat-playpen-25962.html,IRIS 3 Tier Wire Cat PlayPen,5206517,IRIS,0762016444437,IRIS 3 Tier Wire Cat PlayPen,5206517,OutOfStock,USD,314.99,4.3333,3,8c99104f-34a7-5753-98a1-1e2b66649ca1,30/07/2022 12:10:31
https://www.petsmart.com/fish/filters-and-pumps/replacement-parts/marineland-penguin-200b%2F350b-bio-wheel-assembly-17179.html,Marineland&reg; Penguin 200B/350B Bio-Wheel Assembly,5094904,Marineland,0047431504363,Marineland&reg; Penguin 200B/350B Bio-Wheel Assembly,5094904,InStock,USD,8.99,4.5357,28,d54b083b-48fd-5fa1-8a10-e5fbe0c48dbe,30/07/2022 12:10:32
https://www.petsmart.com/cat/food-and-treats/treats/simply-nourish-source-cat-meal-topper---1-oz-natural-grain-free-51659.html,"Simply Nourish&reg; Source Cat Meal Topper - 1 Oz, Natural, Grain Free",5285990,Simply Nourish,0737257824621,"Simply Nourish&reg; Source Cat Meal Topper - 1 Oz, Natural, Grain Free",5285990,InStock,USD,5.99,4.5652,23,b0c4d99c-b020-59de-948b-9b57fe939043,30/07/2022 12:10:32
https://www.petsmart.com/small-pet/toys-and-habitat-accessories/toys/oxbow-enriched-life-small-pet-run-and-hide-exercise-wheel-72257.html,Oxbow Enriched Life Small Pet Run &amp; Hide Exercise Wheel,5331188,Oxbow,0744845967813,Oxbow Enriched Life Small Pet Run &amp; Hide Exercise Wheel,5331188,InStock,USD,19.54,,0,4c4fa66c-7b58-53f8-8a7e-e18b90ca6be7,30/07/2022 12:10:34
https://www.petsmart.com/bird/food-and-treats/pet-bird-food/lafebers-nutri-berries-tropical-fruit-parrot-food-3922.html,Lafeber's&reg; Nutri-Berries Tropical Fruit Parrot Food,1041486,Lafeber's,0041054826505,Lafeber's&reg; Nutri-Berries Tropical Fruit Parrot Food,1041486,InStock,USD,9.49,4.7857,28,d48f65ac-318d-5201-aa93-9cf20c7806e3,30/07/2022 12:10:35
https://www.petsmart.com/fish/starter-kits/biorb-flow-4-gallon-led-aquarium-41816.html,biOrb&reg; FLOW 4 Gallon LED Aquarium,5265081,biOrb,8227280054604,biOrb&reg; FLOW 4 Gallon LED Aquarium,5265081,InStock,USD,133.99,,0,eae1a839-40eb-54f8-a302-32f1db13ea54,30/07/2022 12:10:36
https://www.petsmart.com/small-pet/litter-and-bedding/litter-and-bedding/carefresh-colorful-creations-small-pet-bedding---blue-37950.html,carefresh&reg; Colorful Creations Small Pet Bedding - Blue,5255966,Carefresh,0066380004342,carefresh&reg; Colorful Creations Small Pet Bedding - Blue,5255966,InStock,USD,11.99,4.8927,3776,5022811b-48ab-561e-aec0-de1d8f113c27,30/07/2022 12:10:36
https://www.petsmart.com/fish/food-and-care/pond-care/tetra-pond-tubing-16361.html,Tetra&reg; Pond Tubing,5169406,Tetra,0046798197362,Tetra&reg; Pond Tubing,5169406,InStock,USD,12.99,1.3333,3,9e674c39-44db-5f7e-ad92-b526c18d499f,30/07/2022 12:10:36
https://www.petsmart.com/cat/food-and-treats/treats/delectables-savory-broths-senior-lickable-cat-treat---chicken-and-tuna-68786.html,Delectables Savory Broths Senior Lickable Cat Treat - Chicken &amp; Tuna,5322882,Delectables,0032700120153,Delectables Savory Broths Senior Lickable Cat Treat - Chicken &amp; Tuna,5322882,OutOfStock,USD,1.19,4.5,32,1e2d89c8-20b8-5d8c-8e96-290dc1eed3cf,30/07/2022 12:10:37
https://www.petsmart.com/pharmacy/livestock/thyroid-and-hormone/equidone---1-count-67058.html,Equidone - 1 Count,5317305,Equidone,3170333260154,Equidone - 1 Count,5317305,InStock,USD,68.69,,0,1e92fa1d-887e-57df-853f-484940ca96bc,30/07/2022 12:10:38
https://www.petsmart.com/cat/food-and-treats/treats/viva-la-kitty-savory-sticks-cat-treat---high-protein-73482.html,Viva La Kitty&reg; Savory Sticks Cat Treat - High Protein,5321199,Viva La Kitty,0737257972667,Viva La Kitty&reg; Savory Sticks Cat Treat - High Protein,5321199,InStock,USD,2.09,5.0,2,7505f854-a02e-5445-b183-dd3265a3e141,30/07/2022 12:10:38
https://www.petsmart.com/dog/food/dry-food/hills-science-diet-large-breed-adult-senior-7%2B-dry-dog-food---chicken-meal-rice-and-barley-627.html,"Hill's&reg; Science Diet&reg; Large Breed Adult Senior 7+ Dry Dog Food - Chicken Meal, Rice &amp; Barley",5182763,Hill's Science Diet,0052742204406,"Hill's&reg; Science Diet&reg; Large Breed Adult Senior 7+ Dry Dog Food - Chicken Meal, Rice &amp; Barley",5182763,InStock,USD,61.99,4.7168,113,c1cf647d-f5e8-50a1-aef9-ddb12ce266e7,30/07/2022 12:10:39
https://www.petsmart.com/pharmacy/dog/ear-and-eye-care/neo-poly-dex-ophthalmic-ointment-3.5-g-67047.html,"Neo Poly Dex Ophthalmic Ointment, 3.5 g",5317291,Sandoz,6131406313648,"Neo Poly Dex Ophthalmic Ointment, 3.5 g",5317291,InStock,USD,12.99,,0,6d5be477-089c-556f-9e2a-61359a7e32d7,30/07/2022 12:10:39
https://www.petsmart.com/bird/toys-perches-and-decor/toys/all-living-things-willow-bird-toy-43680.html,All Living Things&reg; Willow Bird Toy,5269253,All Living Things,0737257751545,All Living Things&reg; Willow Bird Toy,5269253,OutOfStock,USD,6.99,5.0,1,3f36f457-3f3b-514b-8ed1-48b248729448,30/07/2022 12:10:39
https://www.petsmart.com/dog/food/canned-food/nutro-natural-choiceandtrade-heartly-stew-adult-wet-dog-food---grain-free-12.5oz-27615.html,"Nutro Natural Choice&amp;trade; Heartly Stew Adult Wet Dog Food - Grain Free, 12.5oz",5230981,NUTRO,0079105115797,"Nutro Natural Choice&amp;trade; Heartly Stew Adult Wet Dog Food - Grain Free, 12.5oz",5230981,OutOfStock,USD,2.99,4.7905,148,831e332d-defa-5efa-a374-e6d2e62ce451,30/07/2022 12:10:40
https://www.petsmart.com/bird/toys-perches-and-decor/toys/aande-cage-company-java-wood-ball-bird-toy-45447.html,A&amp;E Cage Company Java Wood Ball Bird Toy,5273876,A&amp;E,6444720191176,A&amp;E Cage Company Java Wood Ball Bird Toy,5273876,InStock,USD,32.99,1.0,1,15f12a97-cfa2-5101-b2e4-a60440bc6768,30/07/2022 12:10:41
https://www.petsmart.com/dog/food/veterinary-diets/purina-pro-plan-veterinary-diets-dog-food---en-gastroenteric-38718.html,"Purina&reg; Pro Plan&reg; Veterinary Diets Dog Food - EN, Gastroenteric",5258015,Purina Pro Plan Veterinary Diets,0038100138545,"Purina&reg; Pro Plan&reg; Veterinary Diets Dog Food - EN, Gastroenteric",5258015,InStock,USD,37.99,4.6847,203,78265b63-51a8-5b2a-8e0e-158aac00ea62,30/07/2022 12:10:41
https://www.petsmart.com/small-pet/cages-habitats-and-hutches/cages/kaytee-rabbit-home-habitat-44847.html,KAYTEE&reg; Rabbit Home Habitat,5175796,Kaytee,0045125502305,KAYTEE&reg; Rabbit Home Habitat,5175796,InStock,USD,108.99,3.3333,3,3b01a4a6-ae8b-5938-b0ca-fe9dc2e42609,30/07/2022 12:10:41
https://www.petsmart.com/dog/grooming-supplies/shampoos-and-conditioners/pet-head-sensitive-soul-shampoo-for-delicate-skin-dogs---coconut-%2B-marula-oil---16-fl-oz-61958.html,Pet Head Sensitive Soul Shampoo for Delicate Skin Dogs - Coconut + Marula Oil - 16 Fl Oz,5307170,Pet Head,0886284901147,Pet Head Sensitive Soul Shampoo for Delicate Skin Dogs - Coconut + Marula Oil - 16 Fl Oz,5307170,InStock,USD,14.99,4.5714,7,f997ab1c-5cda-5eb7-985d-f961763c0dd6,30/07/2022 12:10:41
https://www.petsmart.com/dog/food/canned-food/hills-science-diet-savory-stew-adult-senior-7%2B-wet-dog-food---12.8-oz-2764.html,Hill's&reg; Science Diet&reg; Savory Stew Adult Senior 7+ Wet Dog Food - 12.8 oz,5166487,Hill's Science Diet,0052742143309,Hill's&reg; Science Diet&reg; Savory Stew Adult Senior 7+ Wet Dog Food - 12.8 oz,5166487,InStock,USD,2.69,4.8608,79,2378ef88-8200-5d7c-a369-702a3fb24f94,30/07/2022 12:10:41
https://www.petsmart.com/cat/litter-and-waste-disposal/litter-boxes/natures-miracle-single-cat-self-cleaning-litter-box-52030.html,Nature's Miracle&reg; Single Cat Self-Cleaning Litter Box,5286668,Nature's Miracle,0018065982803,Nature's Miracle&reg; Single Cat Self-Cleaning Litter Box,5286668,InStock,USD,159.99,1.8889,36,df6bcf7d-dfeb-500b-ab66-fe2e2efa6e7e,30/07/2022 12:10:43
https://www.petsmart.com/dog/food/veterinary-diets/royal-canin-veterinary-diet-adult-urinary-so-loaf-canned-dog-food-13.5-oz-2427.html,"Royal Canin Veterinary Diet Adult Urinary SO Loaf Canned Dog Food, 13.5 oz",5083856,Royal Canin Veterinary Diet,0030111604040,"Royal Canin Veterinary Diet Adult Urinary SO Loaf Canned Dog Food, 13.5 oz",5083856,InStock,USD,4.39,4.473,74,60cac519-73b9-59d7-b393-1b0d6ff6b3f5,30/07/2022 12:10:43
https://www.petsmart.com/dog/food/canned-food/solid-gold-leaping-watersandtrade-dog-food---grain-free-gluten-free-50704.html,"Solid Gold Leaping Waters&amp;trade; Dog Food - Grain Free, Gluten Free",5281218,Solid Gold,0093766321137,"Solid Gold Leaping Waters&amp;trade; Dog Food - Grain Free, Gluten Free",5281218,InStock,USD,2.99,5.0,4,140f8fbc-239d-5828-9b1d-be7145f85f05,30/07/2022 12:10:44
https://www.petsmart.com/reptile/snake/juvenile-fancy-ball-python-5230037.html,Juvenile Fancy Ball Python,5230037,null,0737257596245,Juvenile Fancy Ball Python,5230037,OutOfStock,USD,159.99,4.4722,36,9ab730d9-9140-5557-9e4c-673370a03450,30/07/2022 12:10:44
https://www.petsmart.com/dog/bowls-and-feeders/placemats/bungalow-flooring-personalized-waterhog-squares-dog-and-cat-bowl-placemat-65321.html,Bungalow Flooring Personalized Waterhog Squares Dog &amp; Cat Bowl Placemat,5312940,Bungalow Flooring,0096801118181,Bungalow Flooring Personalized Waterhog Squares Dog &amp; Cat Bowl Placemat,5312940,InStock,USD,49.99,,0,e82bcb8f-8ec9-5b55-b705-ff0c487cf3e1,30/07/2022 12:10:45
https://www.petsmart.com/dog/beds-and-furniture/pillow-beds/top-paw-black-plaid-pillow-dog-bed-61638.html,Top Paw&reg; Black Plaid Pillow Dog Bed,5302723,Top Paw,0737257910201,Top Paw&reg; Black Plaid Pillow Dog Bed,5302723,OutOfStock,USD,13.97,4.7692,13,5e06d69d-14d3-5ead-bcc4-25d5509b4776,30/07/2022 12:10:46
https://www.petsmart.com/dog/food/veterinary-diets/hills-prescription-diet-k%2Fd-kidney-care-dog-food---chicken-2436.html,Hill's&reg; Prescription Diet&reg; k/d Kidney Care Dog Food - Chicken,5118450,Hill's Prescription Diet,0052742701004,Hill's&reg; Prescription Diet&reg; k/d Kidney Care Dog Food - Chicken,5118450,InStock,USD,3.99,3.9891,183,0b564089-c941-55d5-bae5-9af5e3a39944,30/07/2022 12:10:46
https://www.petsmart.com/fish/filters-and-pumps/filters/marineland-c360-canister-filter-16951.html,Marineland&reg; C360 Canister Filter,5119416,Marineland,0047431907546,Marineland&reg; C360 Canister Filter,5119416,InStock,USD,249.99,3.25,72,d88d9350-3967-573a-97d0-8a22154f5e5f,30/07/2022 12:10:46
https://www.petsmart.com/dog/clothing-and-shoes/sweaters-and-coats/grayson-pup-start-each-day-with-a-waggy-tail-pet-sweatshirt-68408.html,Grayson Pup Start Each Day with a Waggy Tail Pet Sweatshirt,5321283,Grayson Pup,0190627118339,Grayson Pup Start Each Day with a Waggy Tail Pet Sweatshirt,5321283,OutOfStock,USD,8.47,,0,51a6d37b-2c94-5dc9-9dfb-1bb16cedac50,30/07/2022 12:10:47
https://www.petsmart.com/dog/food/dry-food/nutro-maxandtrade-adult-dry-dog-food---beef-71615.html,NUTRO MAX&amp;trade; Adult Dry Dog Food - Beef,5329695,Nutro Max,0079105120180,NUTRO MAX&amp;trade; Adult Dry Dog Food - Beef,5329695,OutOfStock,USD,46.99,4.6429,84,ed67d428-1c50-5d04-bcee-4538e8d9fb82,30/07/2022 12:10:48
https://www.petsmart.com/featured-shops/cyber-monday/zoo-med-reptisafe-instant-terrarium-water-conditioner-2051087.html,Zoo Med Reptisafe Instant Terrarium Water Conditioner,2051087,Zoo Med,0097612840087,Zoo Med Reptisafe Instant Terrarium Water Conditioner,2051087,OutOfStock,USD,4.99,4.8125,16,d66575c2-a83c-5a2c-9913-de16b670b007,30/07/2022 12:10:48
https://www.petsmart.com/bird/wild-bird-food-and-supplies/outdoor-feeders/rustic-farmhouse-silo-combo-bird-feeder-65740.html,Rustic Farmhouse Silo Combo Bird Feeder,5313591,Rustic Farmhouse,0093432287187,Rustic Farmhouse Silo Combo Bird Feeder,5313591,InStock,USD,55.99,5.0,1,c39a1900-6372-5566-8f05-def0d5c3f6cc,30/07/2022 12:10:48
https://www.petsmart.com/reptile/starter-kits/thrive-desert-reptile-essentials-kit---10g-69637.html,Thrive Desert Reptile Essentials Kit - 10G,5315227,Thrive,0737257950757,Thrive Desert Reptile Essentials Kit - 10G,5315227,OutOfStock,USD,99.99,3.6757,37,a208d56a-3509-58d1-b0af-5d578801ae08,30/07/2022 12:10:48
https://www.petsmart.com/reptile/substrate-and-bedding/zoo-med-creatures-creature-soil-50368.html,Zoo Med Creatures Creature Soil,5282115,Zoo Med,0097612008807,Zoo Med Creatures Creature Soil,5282115,InStock,USD,5.99,4.8571,7,ab994674-01f8-5644-914c-75d110ea6cf8,30/07/2022 12:10:49
https://www.petsmart.com/cat/food-and-treats/wet-food/wellness-shreds-adult-cat-food---grain-free-variety-pack-50524.html,"Wellness&reg; Shreds Adult Cat Food - Grain Free, Variety Pack",5280554,Wellness,0076344886631,"Wellness&reg; Shreds Adult Cat Food - Grain Free, Variety Pack",5280554,InStock,USD,13.29,5.0,1,1f016ac6-cb91-55ab-87bd-865d99c89960,30/07/2022 12:10:49
https://www.petsmart.com/dog/toys/rope-and-tug-toys/kong-wubbaandtrade-friends-dog-toy---plush-squeaker-character-varies-9807.html,"KONG&reg; Wubba&amp;trade; Friends Dog Toy - Plush, Squeaker (CHARACTER VARIES)",5147120,KONG,0035585800226,"KONG&reg; Wubba&amp;trade; Friends Dog Toy - Plush, Squeaker (CHARACTER VARIES)",5147120,InStock,USD,15.99,3.678,59,111f5bfe-774b-5ffe-ad89-4a32ddff5ae3,30/07/2022 12:10:50
https://www.petsmart.com/dog/beds-and-furniture/pillow-beds/armarkat--beige-and-ivory-snowy-velvet-pillow-dog-bed-64655.html,Armarkat  Beige &amp; Ivory Snowy Velvet Pillow Dog Bed,5311609,Armarkat,0815481012455,Armarkat  Beige &amp; Ivory Snowy Velvet Pillow Dog Bed,5311609,InStock,USD,65.99,3.0,2,2e49e49b-7e78-5542-80a4-7af83fb68ce5,30/07/2022 12:10:50
https://www.petsmart.com/dog/treats/bones-and-rawhide/purina-busy-bone-rollhide-small%2Fmedium-dog-treat---beef-3776.html,Purina&reg; Busy Bone Rollhide Small/Medium Dog Treat - Beef,5133345,Busy Bone,0070002129955,Purina&reg; Busy Bone Rollhide Small/Medium Dog Treat - Beef,5133345,InStock,USD,9.98,4.7308,78,9a9fbd1a-9cb6-55eb-8ed1-49b114c2ee9b,30/07/2022 12:10:50
https://www.petsmart.com/bird/food-and-treats/treats/all-living-things-dried-chili-peppers-bird-treat-65670.html,All Living Things&reg; Dried Chili Peppers Bird Treat,5313425,All Living Things,0737257949843,All Living Things&reg; Dried Chili Peppers Bird Treat,5313425,InStock,USD,5.99,3.0,2,2d986dd4-def9-51a7-9b60-c37f5d2fb47e,30/07/2022 12:10:50
https://www.petsmart.com/dog/food/dry-food/instinct-raw-meals-freeze-dried-adult-dog-food---grain-free-grass-fed-lamb-61493.html,"Instinct&reg; Raw Meals Freeze-Dried Adult Dog Food - Grain Free, Grass-Fed Lamb",5306037,Instinct,0769949614210,"Instinct&reg; Raw Meals Freeze-Dried Adult Dog Food - Grain Free, Grass-Fed Lamb",5306037,OutOfStock,USD,5.99,4.4,5,7d232ef0-2bd5-50b3-a081-785632ab550d,30/07/2022 12:10:50
https://www.petsmart.com/dog/food/dry-food/only-natural-pet-powergrains-adult-dry-dog-food---poultry-feast-with-grain-chicken-64004.html,"Only Natural Pet PowerGrains Adult Dry Dog Food - Poultry Feast, With-Grain, Chicken",5301407,Only Natural Pet,0737257893108,"Only Natural Pet PowerGrains Adult Dry Dog Food - Poultry Feast, With-Grain, Chicken",5301407,OutOfStock,USD,15.99,4.5208,48,7dd196d6-44e8-5da7-b370-d8ab694a3797,30/07/2022 12:10:51
https://www.petsmart.com/bird/toys-perches-and-decor/toys/all-living-things-hanging-barrel-bird-toy-14041.html,All Living Things&reg; Hanging Barrel Bird Toy,5180314,All Living Things,0737257337473,All Living Things&reg; Hanging Barrel Bird Toy,5180314,InStock,USD,4.99,4.6667,9,8675a4e5-a6ba-526d-a30c-7a3c93c8bec6,30/07/2022 12:10:51
https://www.petsmart.com/dog/bowls-and-feeders/automatic-feeders/pioneer-pet-raindropandtrade-ceramic-and-stainless-steel-pet-fountain-replacement-filters---3-pack-6206.html,Pioneer Pet&reg; Raindrop&amp;trade; Ceramic &amp; Stainless Steel Pet Fountain Replacement Filters - 3 Pack,5193615,Pioneer Pet,0898142002125,Pioneer Pet&reg; Raindrop&amp;trade; Ceramic &amp; Stainless Steel Pet Fountain Replacement Filters - 3 Pack,5193615,InStock,USD,8.99,4.4444,9,6749510d-9ec9-5ba9-b4f1-4c110366a801,30/07/2022 12:10:52
https://www.petsmart.com/cat/beds-and-furniture/covered-beds/armarkat-pumpkin-luxe-velvet-orange-covered-cat-bed-64685.html,Armarkat Pumpkin Luxe Velvet Orange Covered Cat Bed,5311657,Armarkat,0815481012349,Armarkat Pumpkin Luxe Velvet Orange Covered Cat Bed,5311657,OutOfStock,USD,29.99,,0,a91509f0-2ad1-5778-83df-df9b8d720136,30/07/2022 12:10:52
https://www.petsmart.com/dog/beds-and-furniture/cuddler-beds/value-beds-grey-lines-cuddler-dog-bed-67445.html,Value Beds Grey Lines Cuddler Dog Bed,5319368,Value Beds,0737257966550,Value Beds Grey Lines Cuddler Dog Bed,5319368,OutOfStock,USD,5.07,4.6316,19,24637f95-26ed-5edb-96f6-0eaee32482c3,30/07/2022 12:10:52
https://www.petsmart.com/dog/food/dry-food/merrick-backcountry-large-breed-adult-dry-dog-food---chicken-corn-free-wheat-free-52552.html,"Merrick&reg; Backcountry&reg; Large Breed Adult Dry Dog Food - Chicken, Corn Free, Wheat Free",5299392,Merrick,0022808370659,"Merrick&reg; Backcountry&reg; Large Breed Adult Dry Dog Food - Chicken, Corn Free, Wheat Free",5299392,InStock,USD,81.98,4.4091,22,3d28508e-c513-5648-ab07-eba0227a113d,30/07/2022 12:10:52
https://www.petsmart.com/cat/food-and-treats/food-toppers/fancy-feast-broths-adult-cat-wet-food---1.55-oz.-limited-ingredients-grain-free-26824.html,"Fancy Feast&reg; Broths Adult Cat Wet Food - 1.55 oz., Limited Ingredients, Grain Free",5221049,Fancy Feast,0050000293421,"Fancy Feast&reg; Broths Adult Cat Wet Food - 1.55 oz., Limited Ingredients, Grain Free",5221049,OutOfStock,USD,N/A,4.3083,253,eb481d46-846a-5ef6-a183-60656a35d274,30/07/2022 12:10:52
https://www.petsmart.com/dog/grooming-supplies/brushes-combs-and-blowdryers/top-paw-flea-pet-comb-57786.html,Top Paw&reg; Flea Pet Comb,5295661,Top Paw,0737257867338,Top Paw&reg; Flea Pet Comb,5295661,InStock,USD,2.99,3.8947,19,16220f45-2dc5-5b84-8a5e-2803431f974e,30/07/2022 12:10:53
https://www.petsmart.com/bird/cages-and-stands/cages/prevue-pet-products-copacabana-bird-cage-35394.html,Prevue Pet Products Copacabana Bird Cage,5249998,Prevue Pet Products,0048081919989,Prevue Pet Products Copacabana Bird Cage,5249998,InStock,USD,35.99,4.0,1,35780271-7c02-5153-9fd7-e4599bf613df,30/07/2022 12:10:53
https://www.petsmart.com/dog/beds-and-furniture/cuddler-beds/top-paw-faux-fur-pouf-dog-bed-60532.html,Top Paw&reg; Faux Fur Pouf Dog Bed,5298633,Top Paw,0737257884359,Top Paw&reg; Faux Fur Pouf Dog Bed,5298633,OutOfStock,USD,15.07,4.4565,46,1702b28b-077c-5959-910d-250a30b48a35,30/07/2022 12:10:54
https://www.petsmart.com/fish/decor-gravel-and-substrate/ornaments/top-fin-creepy-face-and-artifical-plant-aquarium-ornament-53601.html,Top Fin&reg; Creepy Face &amp; Artifical Plant Aquarium Ornament,5286468,Top Fin,0737257825574,Top Fin&reg; Creepy Face &amp; Artifical Plant Aquarium Ornament,5286468,OutOfStock,USD,23.97,4.0,3,798e7bf4-bd14-5084-9b76-c86aff79d691,30/07/2022 12:10:54
https://www.petsmart.com/dog/toys/chew-toys/top-paw-thermoplastic-rubber-figure-8-dog-toy-60463.html,Top Paw&reg; Thermoplastic Rubber Figure 8 Dog Toy,5303999,Top Paw,0737257915596,Top Paw&reg; Thermoplastic Rubber Figure 8 Dog Toy,5303999,InStock,USD,5.99,2.9545,22,14bacfce-769e-5845-ac69-2dcc0733d3d6,30/07/2022 12:10:54
https://www.petsmart.com/reptile/lizard/decor-and-accessories/exo-terra-dripper-reptile-pplant-5238591.html,Exo Terra&reg; Dripper Reptile Pplant,5238588,Exo-Terra,0015561224901,Exo Terra&reg; Dripper Reptile Pplant,5238588,OutOfStock,USD,49.99,,0,a201cf20-5d6e-59e9-9073-f91fa366a30b,30/07/2022 12:10:55
https://www.petsmart.com/fish/tanks-aquariums-and-nets/aquariums/clear-for-life-29-gallon-rectangle-uniquarium-16629.html,Clear-For-Life 29 Gallon Rectangle UniQuarium,5188203,Clear-For-Life,0637441006041,Clear-For-Life 29 Gallon Rectangle UniQuarium,5188203,InStock,USD,587.99,3.5,4,1186ec45-e84a-51a8-b772-7b8033a1344f,30/07/2022 12:10:55
https://www.petsmart.com/cat/dental-care-and-wellness/treatments/thundershirt-insanely-calmandtrade-cat-anxiety-shirt-13550.html,ThunderShirt&reg; Insanely Calm&amp;trade; Cat Anxiety Shirt,5181810,ThunderShirt,0854880001592,ThunderShirt&reg; Insanely Calm&amp;trade; Cat Anxiety Shirt,5181810,InStock,USD,41.99,4.2,10,f941f438-0f21-5df2-95d1-12eb4b352dac,30/07/2022 12:10:55
https://www.petsmart.com/cat/bowls-and-feeders/food-and-water-bowls/kandh-cleanflowandtrade-cat-waterer-6182.html,K&amp;H CleanFlow&amp;trade; Cat Waterer,5198647,K&amp;H,0655199025008,K&amp;H CleanFlow&amp;trade; Cat Waterer,5198647,InStock,USD,43.99,4.0667,15,eec6a81e-8926-5de9-a21e-4cf751af1871,30/07/2022 12:10:55
https://www.petsmart.com/dog/clothing-and-shoes/jerseys-and-team-sports/kentucky-wildcats-ncaa-hoodie-t-shirt-39097.html,Kentucky Wildcats NCAA Hoodie T-Shirt,5258907,Pets First,0849790023628,Kentucky Wildcats NCAA Hoodie T-Shirt,5258907,InStock,USD,24.99,5.0,1,f3f7ccb3-7e42-55e7-9c35-f9d3fda790c0,30/07/2022 12:10:56
https://www.petsmart.com/fish/food-and-care/food/ocean-nutritionandtrade-brine-shrimp-plus-flakes-45083.html,Ocean Nutrition&amp;trade; Brine Shrimp Plus Flakes,5272821,Ocean Nutrition,0098731255905,Ocean Nutrition&amp;trade; Brine Shrimp Plus Flakes,5272821,OutOfStock,USD,8.99,,0,0246912f-8391-5a18-8fb8-e010983bdb54,30/07/2022 12:10:56
https://www.petsmart.com/cat/food-and-treats/dry-food/purina-pro-plan-focus--kitten-dry-cat-food---with-vitamins-high-protein-chicken-and-rice-1203.html,"Purina Pro Plan Focus  Kitten Dry Cat Food - With Vitamins, High-Protein, Chicken &amp; Rice",5139227,Purina Pro Plan,0038100131706,"Purina Pro Plan Focus  Kitten Dry Cat Food - With Vitamins, High-Protein, Chicken &amp; Rice",5139227,InStock,USD,17.99,4.6955,220,253532c4-5649-5649-9b7e-04b8f7842816,30/07/2022 12:10:57
https://www.petsmart.com/dog/crates-gates-and-containment/fence-systems/high-tech-pet-fence-yard-staples-13788.html,High Tech Pet&reg; Fence Yard Staples,5197044,High Tech Pet,0032868251102,High Tech Pet&reg; Fence Yard Staples,5197044,InStock,USD,25.99,1.0,2,bd7afaf9-6a9c-5732-a387-00b0bdce647d,30/07/2022 12:10:57
https://www.petsmart.com/bird/toys-perches-and-decor/toys/all-living-things-rattling-bird-and-sneaker-bird-toy-57283.html,All Living Things&reg; Rattling Bird &amp; Sneaker Bird Toy,5297827,All Living Things,0737257880894,All Living Things&reg; Rattling Bird &amp; Sneaker Bird Toy,5297827,InStock,USD,9.99,5.0,2,37c9c2dd-5998-51c6-baa2-ca3867b63ffe,30/07/2022 12:10:58
https://www.petsmart.com/cat/beds-and-furniture/covered-beds/best-friends-by-sheri-meow-hut-covered-dog-and-cat-bed-72384.html,Best Friends by Sheri Meow Hut Covered Dog &amp; Cat Bed,5330885,Best Friends by Sheri,0817403020531,Best Friends by Sheri Meow Hut Covered Dog &amp; Cat Bed,5330885,InStock,USD,34.99,5.0,1,eec93b8c-c2f3-5822-b7f7-985bf5ddb1d5,30/07/2022 12:10:59
https://www.petsmart.com/dog/clothing-and-shoes/jerseys-and-team-sports/university-of-california-golden-bears-ncaa-jersey-34751.html,University of California Golden Bears NCAA Jersey,5243705,Pets First,0849790007383,University of California Golden Bears NCAA Jersey,5243705,InStock,USD,24.49,,0,97b5650f-f3a8-5fff-b3be-70a4f3efdcd6,30/07/2022 12:10:59
https://www.petsmart.com/cat/beds-and-furniture/furniture-and-towers/whisker-city-grey-cat-blanket-58129.html,Whisker City Grey Cat Blanket,5297145,Whisker City,0737257877962,Whisker City Grey Cat Blanket,5297145,InStock,USD,9.99,4.75,12,55e64f4b-b7e9-5a5b-8a6e-2c11c5946832,30/07/2022 12:10:59
https://www.petsmart.com/dog/grooming-supplies/brushes-combs-and-blowdryers/chi-rubber-fur-accumulator-dog-brush-47348.html,CHI&reg; Rubber Fur Accumulator Dog Brush,5270934,CHI,0742797786438,CHI&reg; Rubber Fur Accumulator Dog Brush,5270934,InStock,USD,7.99,4.0769,13,4acb84c5-98bf-5838-84e6-113f13799ea3,30/07/2022 12:11:00
https://www.petsmart.com/reptile/food/rep-cal-maintenance-formula-adult-bearded-dragon-food-4019.html,Rep-Cal Maintenance Formula Adult Bearded Dragon Food,1051261,Rep-Cal,0788286008155,Rep-Cal Maintenance Formula Adult Bearded Dragon Food,1051261,InStock,USD,9.99,3.6,15,7339382b-730c-539c-959d-0c09c88f2a02,30/07/2022 12:11:01
https://www.petsmart.com/cat/food-and-treats/treats/purebites-all-natural-salmon-freeze-dried-value-pack-cat-treat-26343.html,Purebites&reg; All Natural Salmon Freeze Dried Value Pack Cat Treat,5222190,PureBites,0878968000932,Purebites&reg; All Natural Salmon Freeze Dried Value Pack Cat Treat,5222190,InStock,USD,3.99,4.3529,34,4d03c6fa-edb7-5fee-931a-39af59227ef5,30/07/2022 12:11:01
https://www.petsmart.com/cat/grooming-supplies/shampoos-and-conditioners/whisker-city-cat-gentle-shampoo---vanilla-57725.html,Whisker City&reg; Cat Gentle Shampoo - Vanilla,5296480,Whisker City,0737257873988,Whisker City&reg; Cat Gentle Shampoo - Vanilla,5296480,InStock,USD,8.99,5.0,3,95a188c1-36fc-528c-8e88-952df035f242,30/07/2022 12:11:01
https://www.petsmart.com/dog/treats/jerky/great-choice--dog-jerky-treat---beef-63386.html,Great Choice&reg;  Dog Jerky Treat - Beef,5307335,Great Choice,0737257925687,Great Choice&reg;  Dog Jerky Treat - Beef,5307335,InStock,USD,17.99,4.7586,29,7510589d-d87b-5ca9-b22a-1a1f53da5aac,30/07/2022 12:11:02
https://www.petsmart.com/pharmacy/dog/immune-support/palladia---10-mg-15-mg-50-mg---single-tablet-66656.html,"Palladia - 10 mg, 15 mg, 50 mg - Single Tablet",5316137,Palladia,0872191025342,"Palladia - 10 mg, 15 mg, 50 mg - Single Tablet",5316137,InStock,USD,6.82,,0,653b483d-4ffa-5118-b9ba-356b0510d2fc,30/07/2022 12:11:02
https://www.petsmart.com/cat/beds-and-furniture/scratchers/pets-first-las-vegas-raiders-cat-scratcher-70408.html,Pets First Las Vegas Raiders Cat Scratcher,5326091,Pets First,0849790106826,Pets First Las Vegas Raiders Cat Scratcher,5326091,InStock,USD,25.00,,0,29354d79-2d9b-54db-8f63-d89f5418ce3b,30/07/2022 12:11:02
https://www.petsmart.com/dog/collars-harnesses-and-leashes/leashes/pendleton-zion-national-park-adventure-dog-leash-6-ft-long-70037.html,Pendleton Zion National Park Adventure Dog Leash; 6-ft long,5325091,Pendleton,0830000055157,Pendleton Zion National Park Adventure Dog Leash; 6-ft long,5325091,InStock,USD,45.50,,0,2c586b8c-142e-5d4e-8c88-ef54eca0ea43,30/07/2022 12:11:04
https://www.petsmart.com/dog/food/dry-food/merrick-backcountry-puppy-dry-dog-food---chicken-gluten-free-grain-free-52523.html,"Merrick&reg; Backcountry&reg; Puppy Dry Dog Food - Chicken, Gluten Free, Grain Free",5299381,Merrick,0022808370567,"Merrick&reg; Backcountry&reg; Puppy Dry Dog Food - Chicken, Gluten Free, Grain Free",5299381,InStock,USD,53.98,4.3939,99,914b7f86-f876-572d-afc5-f0f24b51cc0a,30/07/2022 12:11:05
https://www.petsmart.com/reptile/food/hikari-crestgelandtrade-ready-to-use-reptile-food-65031.html,Hikari CrestGel&amp;trade; Ready-to-Use Reptile Food,5312231,Hikari,0042055206112,Hikari CrestGel&amp;trade; Ready-to-Use Reptile Food,5312231,InStock,USD,9.99,4.5,2,714a6bd1-a0b6-5196-ba79-7562b7edd9c0,30/07/2022 12:11:05
https://www.petsmart.com/dog/grooming-supplies/brushes-combs-and-blowdryers/top-paw-metal-slicker-pet-brush-57790.html,Top Paw&reg; Metal Slicker Pet Brush,5295652,Top Paw,0737257867437,Top Paw&reg; Metal Slicker Pet Brush,5295652,InStock,USD,15.99,4.2308,26,5bc07195-6c4e-5f01-b7b6-97545368e791,30/07/2022 12:11:05
https://www.petsmart.com/cat/toys/electronic-and-interactive/whisker-city-crawling-bug-cat-toy-43060.html,Whisker City&reg; Crawling Bug Cat Toy,5264295,Whisker City,0737257731462,Whisker City&reg; Crawling Bug Cat Toy,5264295,OutOfStock,USD,4.99,2.7143,56,25553131-0f42-5934-8a69-42c06e035376,30/07/2022 12:11:06
https://www.petsmart.com/cat/food-and-treats/treats/greeniesandtrade-feline-greenies-smartbites-hairball-control-adult-cat-treats---tuna-52381.html,Greenies&amp;trade; Feline Greenies SmartBites Hairball Control Adult Cat Treats - Tuna,5286358,Greenies,0642863108952,Greenies&amp;trade; Feline Greenies SmartBites Hairball Control Adult Cat Treats - Tuna,5286358,InStock,USD,18.99,4.8036,224,f082f633-9ce7-5898-9210-215dac261dec,30/07/2022 12:11:07
https://www.petsmart.com/dog/clothing-and-shoes/jerseys-and-team-sports/detroit-lions-nfl-team-tee-32942.html,Detroit Lions NFL Team Tee,5244501,Pets First,0849790005686,Detroit Lions NFL Team Tee,5244501,InStock,USD,19.99,,0,2f46c20a-82ee-5148-a6a8-14c676b2565f,30/07/2022 12:11:07
https://www.petsmart.com/bird/food-and-treats/pet-bird-food/vitakraft-menu-canary-and-finch-food-3903.html,Vitakraft&reg; Menu Canary &amp; Finch Food,5166955,Vitakraft,0051233344997,Vitakraft&reg; Menu Canary &amp; Finch Food,5166955,InStock,USD,4.99,5.0,1,81b0ef70-fca1-514b-8c79-a93361ed69b1,30/07/2022 12:11:07
https://www.petsmart.com/reptile/snake/decor-and-accessories/thrive-natural-loose-coconut-soil-reptile-bedding-5291022.html,Thrive Natural Loose Coconut Soil Reptile Bedding,5290803,Thrive,0737257844865,Thrive Natural Loose Coconut Soil Reptile Bedding,5290803,InStock,USD,27.99,4.1667,18,68a4ca6c-55ac-5cc8-8009-3cd65e72c5b0,30/07/2022 12:11:07
https://www.petsmart.com/dog/training-and-behavior/training-and-behavior-accessories/top-paw-explorer-collection-treat-pouch-and-waste-bag-dispenser-69665.html,Top Paw&reg; Explorer Collection Treat Pouch &amp; Waste Bag Dispenser,5324611,Top Paw,0737257984691,Top Paw&reg; Explorer Collection Treat Pouch &amp; Waste Bag Dispenser,5324611,InStock,USD,7.47,3.5,2,e7c5c083-8e71-5532-a26d-db021ba65c87,30/07/2022 12:11:08
https://www.petsmart.com/small-pet/food-treats-and-hay/treats/browns-tropical-carnival-natural-orange-slices-small-animal-treat-44544.html,Brown's&reg; Tropical Carnival&reg; Natural Orange Slices Small Animal Treat,5271454,Brown's,0042934449456,Brown's&reg; Tropical Carnival&reg; Natural Orange Slices Small Animal Treat,5271454,InStock,USD,5.39,4.0,1,af37c902-fb59-57e5-ac0b-cdd65952785d,30/07/2022 12:11:08
https://www.petsmart.com/bird/wild-bird-food-and-supplies/wild-bird-food/wagners-greatest-variety-wild-bird-seed-44443.html,Wagner's Greatest Variety Wild Bird Seed,5271535,Wagners,0070805620345,Wagner's Greatest Variety Wild Bird Seed,5271535,OutOfStock,USD,9.99,4.0,1,ab021144-da81-50d3-ac46-9faf34378ecb,30/07/2022 12:11:09
https://www.petsmart.com/dog/food/canned-food/blue-buffalo-homestyle-recipe--senior-wet-dog-food---natural-12.5-oz.-641.html,"Blue Buffalo&reg; Homestyle Recipe  Senior Wet Dog Food - Natural, 12.5 Oz.",5200131,Blue Buffalo,0859610007479,"Blue Buffalo&reg; Homestyle Recipe  Senior Wet Dog Food - Natural, 12.5 Oz.",5200131,InStock,USD,2.89,4.5902,61,1db67999-793b-5e39-90cb-9100770ab268,30/07/2022 12:11:10
https://www.petsmart.com/cat/toys/electronic-and-interactive/petlinks-marble-mayhemandtrade-rolling-marble-cat-toy-61837.html,Petlinks&reg; Marble Mayhem&amp;trade; Rolling Marble Cat Toy,5305962,Petlinks,0786306420253,Petlinks&reg; Marble Mayhem&amp;trade; Rolling Marble Cat Toy,5305962,InStock,USD,6.99,3.5294,34,3eb1701c-cd1e-5e2d-8052-da3a7f952f81,30/07/2022 12:11:11
https://www.petsmart.com/dog/collars-harnesses-and-leashes/collars/top-paw-paw-dog-collar-42446.html,Top Paw&reg; Paw Dog Collar,5263223,Top Paw,0737257658301,Top Paw&reg; Paw Dog Collar,5263223,OutOfStock,USD,14.99,4.625,16,41d98b23-6e1b-5332-828c-e27473e0326c,30/07/2022 12:11:12
